MID;TITLE;YEAR
0;Kate & Leopold;2001
1;Another 48 Hrs.;1990
2;Archangel;1990
3;Back to the Future Part III;1990
4;Bird on a Wire;1990
5;Child's Play 2;1990
6;Dances with Wolves;1990
7;Darkman;1990
8;Days of Thunder;1990
9;Dick Tracy;1990
10;Die Hard 2;1990
11;Edward Scissorhands;1990
12;Fei ying gai wak;1991
13;Ghost;1990
14;The Godfather: Part III;1990
15;Hardware;1990
16;Home Alone;1990
17;The Hunt for Red October;1990
18;Haakon Haakonsen;1990
19;Kindergarten Cop;1990
20;Marked for Death;1990
21;Pacific Heights;1990
22;Predator 2;1990
23;Presumed Innocent;1990
24;Pretty Woman;1990
25;Problem Child;1990
26;The Rescuers Down Under;1990
27;Rocky V;1990
28;Teenage Mutant Ninja Turtles;1990
29;Total Recall;1990
30;Tremors;1990
31;The Addams Family;1991
32;Backdraft;1991
33;Beauty and the Beast;1991
34;Cape Fear;1991
35;City Slickers;1991
36;Double Impact;1991
37;For the Boys;1991
38;Fried Green Tomatoes;1991
39;Gojira vs. Kingu Gidorâ;1991
40;High Strung;1991
41;Hook;1991
42;Hot Shots!;1991
43;JFK;1991
44;Madonna: Truth or Dare;1991
45;Point Break;1991
46;Robin Hood: Prince of Thieves;1991
47;The Silence of the Lambs;1991
48;Sleeping with the Enemy;1991
49;Star Trek VI: The Undiscovered Country;1991
50;Terminator 2: Judgment Day;1991
51;Aladdin;1992
52;Alien³;1992
53;Bad Lieutenant;1992
54;Basic Instinct;1992
55;Batman Returns;1992
56;The Bodyguard;1992
57;Boomerang;1992
58;Dracula;1992
59;Child's Play 3;1991
60;Death Becomes Her;1992
61;Far and Away;1992
62;A Few Good Men;1992
63;Home Alone 2: Lost in New York;1992
64;Honey I Blew Up the Kid;1992
65;The Lawnmower Man;1992
66;A League of Their Own;1992
67;Lethal Weapon 3;1992
68;El mariachi;1992
69;My Cousin Vinny;1992
70;Patriot Games;1992
71;The Player;1992
72;Raising Cain;1992
73;Scent of a Woman;1992
74;The Seventh Coin;1993
75;Sister Act;1992
76;Sneakers;1992
77;Under Siege;1992
78;Unforgiven;1992
79;Universal Soldier;1992
80;Wayne's World;1992
81;Army of Darkness;1992
82;Beethoven's 2nd;1993
83;Carlito's Way;1993
84;Cliffhanger;1993
85;Cool Runnings;1993
86;Cop & ½;1993
87;Demolition Man;1993
88;Dragon: The Bruce Lee Story;1993
89;The Firm;1993
90;Fortress;1992
91;Free Willy;1993
92;The Fugitive;1993
93;Gojira VS Mekagojira;1993
94;The Good Son;1993
95;Hard Target;1993
96;Hot Shots! Part Deux;1993
97;Xi yan;1993
98;In the Line of Fire;1993
99;In the Name of the Father;1993
100;Indecent Proposal;1993
101;Jurassic Park;1993
102;Last Action Hero;1993
103;Made in America;1993
104;Mrs. Doubtfire;1993
105;Nowhere to Run;1993
106;The Pelican Brief;1993
107;A Perfect World;1993
108;Philadelphia;1993
109;Rising Sun;1993
110;Schindler's List;1993
111;Sleepless in Seattle;1993
112;Sliver;1993
113;Les visiteurs;1993
114;Ace Ventura: Pet Detective;1994
115;Baby's Day Out;1994
116;Beverly Hills Cop III;1994
117;Clear and Present Danger;1994
118;The Client;1994
119;The Crow;1994
120;Curse of the Starving Class;1994
121;Disclosure;1994
122;Dumb & Dumber;1994
123;The Flintstones;1994
124;Forrest Gump;1994
125;Four Weddings and a Funeral;1994
126;Mary Shelley's Frankenstein;1994
127;Gojira VS Supesugojira;1994
128;Highlander III: The Sorcerer;1994
129;The Hudsucker Proxy;1994
130;I Love Trouble;1994
131;Inevitable Grace;1994
132;Interview with the Vampire: The Vampire Chronicles;1994
133;Junior;1994
134;Legends of the Fall;1994
135;Lethal Seduction;1997
136;The Lion King;1994
137;The Mask;1994
138;Maverick;1994
139;Muriel's Wedding;1994
140;Nell;1994
141;The Neverending Story III;1994
142;The Next Karate Kid;1994
143;The Paper;1994
144;Il postino;1994
145;Pulp Fiction;1994
146;Reality Bites;1994
147;The River Wild;1994
148;The Santa Clause;1994
149;The Shadow;1994
150;Shallow Grave;1994
151;The Shawshank Redemption;1994
152;The Specialist;1994
153;Speed;1994
154;Star Trek: Generations;1994
155;Stargate;1994
156;Street Fighter;1994
157;Tall Tale;1995
158;Terminal Velocity;1994
159;Timecop;1994
160;True Lies;1994
161;Jui kuen II;1994
162;Wolf;1994
163;Wyatt Earp;1994
164;Ace Ventura: When Nature Calls;1995
165;Apollo 13;1995
166;Assassins;1995
167;Babe;1995
168;Bad Boys;1995
169;Batman Forever;1995
170;Before Sunrise;1995
171;Beyond Rangoon;1995
172;Braveheart;1995
173;The Bridges of Madison County;1995
174;Casino;1995
175;Casper;1995
176;Clueless;1995
177;Congo;1995
178;Crimson Tide;1995
179;Dangerous Minds;1995
180;Dead Man Walking;1995
181;Die Hard with a Vengeance;1995
182;Don Juan DeMarco;1994
183;Fair Game;1995
184;Fall Time;1995
185;First Knight;1995
186;Get Shorty;1995
187;Gojira vs. Desutoroiâ;1995
188;GoldenEye;1995
189;Heat;1995
190;Hung fan kui;1995
191;How to Make an American Quilt;1995
192;Johnny Mnemonic;1995
193;Judge Dredd;1995
194;Jumanji;1995
195;Kids;1995
196;Kôkaku Kidôtai;1995
197;Losing Isaiah;1995
198;Mighty Morphin Power Rangers: The Movie;1995
199;Money Train;1995
200;Mortal Kombat;1995
201;Mr. Holland's Opus;1995
202;The Net;1995
203;Nixon;1995
204;Outbreak;1995
205;Pocahontas;1995
206;Roommates;1995
207;Sabrina;1995
208;Se7en;1995
209;Sense and Sensibility;1995
210;Showgirls;1995
211;Species;1995
212;Sudden Death;1995
213;Tank Girl;1995
214;Toy Story;1995
215;Twelve Monkeys;1995
216;Under Siege 2: Dark Territory;1995
217;Waiting to Exhale;1995
218;Waterworld;1995
219;While You Were Sleeping;1995
220;101 Dalmatians;1996
221;The Adventures of Pinocchio;1996
222;The Birdcage;1996
223;Broken Arrow;1996
224;The Cable Guy;1996
225;Chain Reaction;1996
226;The Chamber;1996
227;City Hall;1996
228;Courage Under Fire;1996
229;The Craft;1996
230;The Crow: City of Angels;1996
231;Daylight;1996
232;DragonHeart;1996
233;Eddie;1996
234;Emma;1996
235;The English Patient;1996
236;Eraser;1996
237;Escape from L.A.;1996
238;Eskiya;1996
239;Everyone Says I Love You;1996
240;Evita;1996
241;Executive Decision;1996
242;Eye for an Eye;1996
243;Fargo;1996
244;The First Wives Club;1996
245;Fled;1996
246;The Frighteners;1996
247;From Dusk Till Dawn;1996
248;The Ghost and the Darkness;1996
249;The Glimmer Man;1996
250;The Hunchback of Notre Dame;1996
251;Independence Day;1996
252;Indian;1996
253;The Island of Dr. Moreau;1996
254;Jerry Maguire;1996
255;Jingle All the Way;1996
256;The Juror;1996
257;Kansas City;1996
258;Kingpin;1996
259;Last Man Standing;1996
260;The Long Kiss Goodnight;1996
261;Mars Attacks!;1996
262;Mary Reilly;1996
263;Maximum Risk;1996
264;Michael Collins;1996
265;The Mirror Has Two Faces;1996
266;Mission: Impossible;1996
267;Mosura;1996
268;Multiplicity;1996
269;The Nutty Professor;1996
270;Phenomenon;1996
271;Primal Fear;1996
272;The Quest;1996
273;Ransom;1996
274;The Rock;1996
275;Romeo + Juliet;1996
276;Scream;1996
277;Sleepers;1996
278;Space Jam;1996
279;Star Trek: First Contact;1996
280;Striptease;1996
281;That Thing You Do!;1996
282;A Time to Kill;1996
283;Tin Cup;1996
284;Twister;1996
285;Up Close & Personal;1996
286;Air Force One;1997
287;Alien: Resurrection;1997
288;Glitter;2001
289;Amistad;1997
290;Anaconda;1997
291;Anastasia;1997
292;Austin Powers: International Man of Mystery;1997
293;The Avengers;1998
294;Baby Geniuses;1999
295;Batman & Robin;1997
296;Bean;1997
297;The Big Lebowski;1998
298;Blues Brothers 2000;1998
299;Boogie Nights;1997
300;The Borrowers;1997
301;La vita è bella;1997
302;Con Air;1997
303;Conspiracy Theory;1997
304;Contact;1997
305;Cop Land;1997
306;Dante's Peak;1997
307;Dark City;1998
308;The Devil's Advocate;1997
309;The Devil's Own;1997
310;Doctor Dolittle;1998
311;Donnie Brasco;1997
312;Double Team;1997
313;Event Horizon;1997
314;Face/Off;1997
315;Fathers' Day;1997
316;The Fifth Element;1997
317;Fire Down Below;1997
318;Flubber;1997
319;The Full Monty;1997
320;G.I. Jane;1997
321;The Game;1997
322;Gattaca;1997
323;George of the Jungle;1997
324;Good Will Hunting;1997
325;Great Expectations;1998
326;Hercules;1997
327;Home Alone 3;1997
328;Hope Floats;1998
329;The Horse Whisperer;1998
330;I Know What You Did Last Summer;1997
331;In & Out;1997
332;The Jackal;1997
333;Jackie Brown;1997
334;Kiss the Girls;1997
335;L.A. Confidential;1997
336;Liar Liar;1997
337;A Life Less Ordinary;1997
338;Little Ghost;1997
339;The Lost World: Jurassic Park;1997
340;Meet Joe Black;1998
341;Men in Black;1997
342;Mononoke-hime;1997
343;Mortal Kombat: Annihilation;1997
344;Mousehunt;1997
345;Mr. Magoo;1997
346;My Best Friend's Wedding;1997
347;Nothing to Lose;1997
348;As Good as It Gets;1997
349;One Night Stand;1997
350;Paradise Road;1997
351;The Peacemaker;1997
352;Picture Perfect;1997
353;Red Corner;1997
354;The Replacement Killers;1998
355;The Saint;1997
356;Scream 2;1997
357;Seven Years in Tibet;1997
358;Spawn;1997
359;Speed 2: Cruise Control;1997
360;Sphere;1998
361;Spice World;1997
362;Three Kings;1999
363;Starship Troopers;1997
364;Titanic;1997
365;Tomorrow Never Dies;1997
366;Toy Story 2;1999
367;The Truman Show;1998
368;Up 'n' Under;1998
369;Virus;1999
370;Volcano;1997
371;The Waterboy;1998
372;American History X;1998
373;Antz;1998
374;Armageddon;1998
375;Babe: Pig in the City;1998
376;The Bachelor;1999
377;Blade;1998
378;The Mummy;1999
379;A Bug's Life;1998
380;Chicken Run;2000
381;EverAfter;1998
382;City of Angels;1998
383;The Deep End of the Ocean;1999
384;Deep Impact;1998
385;The 13th Warrior;1999
386;Enemy of the State;1998
387;Eyes Wide Shut;1999
388;Frida;2002
389;From Hell;2001
390;Stepmom;1998
391;The Green Mile;1999
392;Hard Rain;1998
393;Knock Off;1998
394;The Lord of the Rings: The Fellowship of the Ring;2001
395;Lost in Space;1998
396;Jane Austen's Mafia!;1998
397;The Mask of Zorro;1998
398;Mercury Rising;1998
399;Mission: Impossible II;2000
400;Mulan;1998
401;The Negotiator;1998
402;Out of Sight;1998
403;A Perfect Murder;1998
404;Practical Magic;1998
405;The Prince of Egypt;1998
406;Quest for Camelot;1998
407;Resident Evil;2002
408;Rush Hour;1998
409;Saving Private Ryan;1998
410;The Shipping News;2001
411;Six Days Seven Nights;1998
412;Snake Eyes;1998
413;Star Trek: Insurrection;1998
414;Tarzan;1999
415;The Thin Red Line;1998
416;U.S. Marshals;1998
417;Les couloirs du temps: Les visiteurs II;1998
418;The Wedding Singer;1998
419;What Dreams May Come;1998
420;Wild Wild West;1999
421;The X Files;1998
422;X-Men;2000
423;Fantasia 2000;1999
424;Men in Black II;2002
425;Titan A.E.;2000
426;Star Wars: Episode I - The Phantom Menace;1999
427;The Emperor's New Groove;2000
428;Corpse Bride;2005
429;Star Wars: Episode II - Attack of the Clones;2002
430;Star Wars: Episode III - Revenge of the Sith;2005
431;Lethal Weapon 4;1998
432;Ronin;1998
433;Small Soldiers;1998
434;Analyze This;1999
435;Blast from the Past;1999
436;The Cider House Rules;1999
437;Notting Hill;1999
438;Shrek;2001
439;Elizabeth;1998
440;You've Got Mail;1998
441;The Iron Giant;1999
442;Me and the Gods;1997
443;Patch Adams;1998
444;There's Something About Mary;1998
445;I Still Know What You Did Last Summer;1998
446;Mickey Blue Eyes;1999
447;Dinosaur;2000
448;Bowfinger;1999
449;Edtv;1999
450;The Matrix;1999
451;Mosura 2 - Kaitei no daikessen;1997
452;Planet of the Apes;2001
453;Treasure Planet;2002
454;Astérix & Obélix contre César;1999
455;The Siege;1998
456;The Rugrats Movie;1998
457;Scream 3;2000
458;The Talented Mr. Ripley;1999
459;8MM;1999
460;Pitch Black;2000
461;Rasen;1998
462;Arlington Road;1999
463;Entrapment;1999
464;Fight Club;1999
465;Shakespeare in Love;1998
466;Intolerable Cruelty;2003
467;The Road to El Dorado;2000
468;Cruel Intentions;1999
469;Lake Placid;1999
470;Message in a Bottle;1999
471;Training Day;2001
472;The Insider;1999
473;Forces of Nature;1999
474;Jack Frost;1998
475;Inspector Gadget;1999
476;Isn't She Great;2000
477;Town & Country;2001
478;U-571;2000
479;Big Daddy;1999
480;The Ninth Gate;1999
481;The World Is Not Enough;1999
482;American Psycho;2000
483;Bride of Chucky;1998
484;The General's Daughter;1999
485;Nutty Professor II: The Klumps;2000
486;The Rage: Carrie 2;1999
487;Spider-Man;2002
488;Stigmata;1999
489;Austin Powers: The Spy Who Shagged Me;1999
490;The Bone Collector;1999
491;Naqoyqatsi;2002
492;Thirteen Days;2000
493;Lara Croft: Tomb Raider;2001
494;Urban Legend;1998
495;End of Days;1999
496;Any Given Sunday;1999
497;Deep Blue Sea;1999
498;All the Pretty Horses;2000
499;Double Jeopardy;1999
500;Jeans;1998
501;Joan of Arc;1999
502;Never Been Kissed;1999
503;Office Space;1999
504;The Thomas Crown Affair;1999
505;Psycho;1998
506;The Next Best Thing;2000
507;Random Hearts;1999
508;The Flintstones in Viva Rock Vegas;2000
509;Muppets from Space;1999
510;South Park: Bigger, Longer & Uncut;1999
511;The Virgin Suicides;1999
512;Behind Enemy Lines;2001
513;Cold Mountain;2003
514;Charlie's Angels;2000
515;D-Tox;2002
516;Lost Souls;2000
517;Rules of Engagement;2000
518;She's All That;1999
519;Tumbleweeds;1999
520;What Lies Beneath;2000
521;Nirgendwo in Afrika;2001
522;Cast Away;2000
523;Ghost World;2001
524;Shaft;2000
525;Sleepy Hollow;1999
526;Hanging Up;2000
527;Jurassic Park III;2001
528;Runaway Bride;1999
529;American Pie;1999
530;Hollow Man;2000
531;Drive Me Crazy;1999
532;The Sum of All Fears;2002
533;Along Came a Spider;2001
534;Stuart Little;1999
535;Romeo Must Die;2000
536;Sinbad: Legend of the Seven Seas;2003
537;Monkeybone;2001
538;Waking Ned;1998
539;Anna and the King;1999
540;Spirit: Stallion of the Cimarron;2002
541;Mulholland Dr.;2001
542;Hellboy;2004
543;The Lord of the Rings: The Return of the King;2003
544;The Lord of the Rings: The Two Towers;2002
545;The Sixth Sense;1999
546;The Best Man;1999
547;Can't Be Heaven;2000
548;Dancer in the Dark;2000
549;American Beauty;1999
550;How the Grinch Stole Christmas;2000
551;The Haunting;1999
552;Nurse Betty;2000
553;Bad Boys II;2003
554;Girl, Interrupted;1999
555;Gladiator;2000
556;Final Fantasy: The Spirits Within;2001
557;Autumn in New York;2000
558;Scary Movie;2000
559;Magnolia;1999
560;Universal Soldier: The Return;1999
561;Galaxy Quest;1999
562;The Perfect Storm;2000
563;Ringu;1998
564;But I'm a Cheerleader;1999
565;The Adventures of Pluto Nash;2002
566;Quills;2000
567;Requiem for a Dream;2000
568;Blue Streak;1999
569;Finding Forrester;2000
570;Minority Report;2002
571;Terminator 3: Rise of the Machines;2003
572;Traffic;2000
573;Almost Famous;2000
574;Bicentennial Man;1999
575;Me, Myself & Irene;2000
576;Mission to Mars;2000
577;Phone Booth;2002
578;Pollock;2000
579;A Knight's Tale;2001
580;Shanghai Noon;2000
581;Wonder Boys;2000
582;Battlefield Earth;2000
583;The Blair Witch Project;1999
584;Drowning Mona;2000
585;Frequency;2000
586;Space Cowboys;2000
587;Gone in Sixty Seconds;2000
588;The Patriot;2000
589;Blade II;2002
590;Price of Glory;2000
591;Gojira ni-sen mireniamu;1999
592;The Whole Nine Yards;2000
593;Wo hu cang long;2000
594;Dungeons & Dragons;2000
595;O Brother, Where Art Thou?;2000
596;Gekijô-ban poketto monsutâ - Myûtsû no gyakushû;1998
597;Vertical Limit;2000
598;The Replacements;2000
599;28 Days;2000
600;Urban Legends: Final Cut;2000
601;Birds of Passage;2001
602;U.S. Seals;2000
603;Erin Brockovich;2000
604;Final Destination;2000
605;Samsara;2001
606;Zoolander;2001
607;Monsters, Inc.;2001
608;In the Cut;2003
609;Red Planet;2000
610;Riding in Cars with Boys;2001
611;Coyote Ugly;2000
612;Rock Star;2001
613;The Way of the Gun;2000
614;Moulin Rouge!;2001
615;Men of Honor;2000
616;Boys and Girls;2000
617;Exorcist: The Beginning;2004
618;Bring It On;2000
619;Deuce Bigalow: Male Gigolo;1999
620;Dr. T & the Women;2000
621;Save the Last Dance;2001
622;Joy Ride;2001
623;Children of Men;2006
624;What Women Want;2000
625;Big Momma's House;2000
626;Snatch;2000
627;The Contender;2000
628;Get Carter;2000
629;Memento;2000
630;The Mummy Returns;2001
631;The Wedding Planner;2001
632;The Cell;2000
633;Gekijô-ban poketto monsutâ: Maboroshi no pokemon: Rugia bakutan;1999
634;Remember the Titans;2000
635;102 Dalmatians;2000
636;Jason X;2001
637;Le fabuleux destin d'Amélie Poulain;2001
638;Awake;2007
639;Meet the Parents;2000
640;Miss Congeniality;2000
641;Artificial Intelligence: AI;2001
642;Hannibal;2001
643;Pearl Harbor;2001
644;Rugrats in Paris: The Movie - Rugrats II;2000
645;Road Trip;2000
646;Enemy at the Gates;2001
647;The 6th Day;2000
648;Gangs of New York;2002
649;Loser;2000
650;Unbreakable;2000
651;Ringu 2;1999
652;Antitrust;2001
653;Original Sin;2001
654;The Family Man;2000
655;Dracula 2000;2000
656;The Gift;2000
657;The Kid;2000
658;Bandits;2001
659;The Tigger Movie;2000
660;Halloween: Resurrection;2002
661;Blow;2001
662;Ayurveda: Art of Being;2001
663;Tupac Shakur: Words Never Die;1997
664;The Score;2001
665;Spy Kids;2001
666;Proof of Life;2000
667;Book of Shadows: Blair Witch 2;2000
668;Atlantis: The Lost Empire;2001
669;Bedazzled;2000
670;The Others;2001
671;Crocodile Dundee in Los Angeles;2001
672;Down to Earth;2001
673;The Fast and the Furious;2001
674;Collateral Damage;2002
675;The Matrix Reloaded;2003
676;Wicked Spring;2002
677;Gekijô-ban poketto monsutâ: Kesshô-tô no teiô;2000
678;Ringu 0: Bâsudei;2000
679;The Original Kings of Comedy;2000
680;The Mexican;2001
681;The Tailor of Panama;2001
682;Le pacte des loups;2001
683;Captain Corelli's Mandolin;2001
684;Equilibrium;2002
685;Queen of the Damned;2002
686;Cats & Dogs;2001
687;Dr. Dolittle 2;2001
688;Ocean's Eleven;2001
689;Serendipity;2001
690;Vanity Fair;2004
691;Chocolat;2000
692;Harry Potter and the Sorcerer's Stone;2001
693;Dude, Where's My Car?;2000
694;Exit Wounds;2001
695;The Matrix Revolutions;2003
696;Valentine;2001
697;Bridget Jones's Diary;2001
698;Stuart Little 2;2002
699;40 Days and 40 Nights;2002
700;American Outlaws;2001
701;Swordfish;2001
702;The Forsaken;2001
703;Sen to Chihiro no kamikakushi;2001
704;Windtalkers;2002
705;Thir13en Ghosts;2001
706;Bulletproof Monk;2003
707;The Count of Monte Cristo;2002
708;Die Another Day;2002
709;Rollerball;2002
710;The Code Conspiracy;2002
711;In the Bedroom;2001
712;The Princess Diaries;2001
713;Two Days, Nine Lives;2001
714;Ali;2001
715;Billy Elliot;2000
716;Domestic Disturbance;2001
717;Fainaru fantajî IX;2000
718;Astérix & Obélix: Mission Cléopâtre;2002
719;The Other Side of Heaven;2001
720;Legally Blonde;2001
721;Rat Race;2001
722;Unfaithful;2002
723;Evolution;2001
724;Hart's War;2002
725;How to Lose a Guy in 10 Days;2003
726;John Q;2002
727;House of 1000 Corpses;2003
728;Surviving Christmas;2004
729;An American Reunion;2003
730;Maid in Manhattan;2002
731;American Pie 2;2001
732;The Pianist;2002
733;Reign of Fire;2002
734;Star Trek: Nemesis;2002
735;The Sweetest Thing;2002
736;Aaghaaz;2000
737;Gojira tai Megagirasu: Jî shômetsu sakusen;2000
738;Pinocchio;2002
739;The Animal;2001
740;Shallow Hal;2001
741;Sweet Home Alabama;2002
742;Road to Perdition;2002
743;S.W.A.T.;2003
744;Scary Movie 2;2001
745;About Schmidt;2002
746;Kangaroo Jack;2003
747;High Crimes;2002
748;Panic Room;2002
749;The Bourne Identity;2002
750;Dragonfly;2002
751;Ghost Rider;2007
752;My Big Fat Greek Wedding;2002
753;Vanilla Sky;2001
754;Digimon: The Movie;2000
755;Don't Say a Word;2001
756;Serving Sara;2002
757;Dolphins;2000
758;Jeepers Creepers;2001
759;Basic;2003
760;Catch Me If You Can;2002
761;Changing Lanes;2002
762;Life as a House;2001
763;America's Sweethearts;2001
764;Black Hawk Down;2001
765;Main Prem Ki Diwani Hoon;2003
766;The Man from Elysian Fields;2001
767;The Mothman Prophecies;2002
768;One Hour Photo;2002
769;Pizzás;2001
770;The Rookie;2002
771;The Royal Tenenbaums;2001
772;The Cat's Meow;2001
773;A Man Apart;2003
774;Duplex;2003
775;Finding Nemo;2003
776;Kill Bill: Vol. 1;2003
777;Rush Hour 2;2001
778;Spy Game;2001
779;Abandon;2002
780;K-19: The Widowmaker;2002
781;The One;2001
782;Scooby-Doo;2002
783;Ice Age;2002
784;Jimmy Neutron: Boy Genius;2001
785;Thirteen Conversations About One Thing;2001
786;The Time Machine;2002
787;A Beautiful Mind;2001
788;The Majestic;2001
789;The Hunted;2003
790;Coral Reef Adventure;2003
791;Juana la Loca;2001
792;My Boss's Daughter;2003
793;Kiss of the Dragon;2001
794;Eight Legged Freaks;2002
795;Arachnid;2001
796;Punch-Drunk Love;2002
797;Darkness;2002
798;It's All About Love;2003
799;Johnny English;2003
800;Down Time;2001
801;The Hours;2002
802;Secretary;2002
803;La mala educación;2004
804;Lilo & Stitch;2002
805;About a Boy;2002
806;Dogville;2003
807;I Am Sam;2001
808;The Scorpion King;2002
809;Not Another Teen Movie;2001
810;We Were Soldiers;2002
811;Feuer, Eis & Dosenbier;2002
812;Insomnia;2002
813;Spider;2002
814;Black & White: A Love Story;1996
815;Divine Secrets of the Ya-Ya Sisterhood;2002
816;Return to Never Land;2002
817;The Banger Sisters;2002
818;Better Luck Tomorrow;2002
819;Bad Company;2002
820;Mr. Deeds;2002
821;Gosford Park;2001
822;The Guru;2002
823;Igby Goes Down;2002
824;Snow Dogs;2002
825;The Wild Thornberrys Movie;2002
826;Darkness Falls;2003
827;Life or Something Like It;2002
828;White Oleander;2002
829;The Jungle Book 2;2003
830;They;2002
831;Largo;2000
832;Showtime;2002
833;Boat Trip;2002
834;Dreamcatcher;2003
835;Once Upon a Time in Mexico;2003
836;Signs;2002
837;Siu Lam juk kau;2001
838;Bend It Like Beckham;2002
839;Hulk;2003
840;What a Girl Wants;2003
841;Spy Kids 2: Island of Lost Dreams;2002
842;Daredevil;2003
843;The Medallion;2003
844;Ghost Ship;2002
845;28 Days Later...;2002
846;Red Dragon;2002
847;Analyze That;2002
848;The Butterfly Effect;2004
849;The Life of David Gale;2003
850;Meet the Fockers;2004
851;The Tuxedo;2002
852;X2;2003
853;Mean Machine;2001
854;Pulse: A Stomp Odyssey;2002
855;The Rules of Attraction;2002
856;The Phantom of the Opera;2004
857;Rush Hour 3;2007
858;Tian mai zhuan qi;2002
859;The Transporter;2002
860;Rent;2005
861;Austin Powers in Goldmember;2002
862;Harry Potter and the Chamber of Secrets;2002
863;xXx;2002
864;The Chronicles of Riddick;2004
865;Mindhunters;2004
866;The Ring;2002
867;Shrek 2;2004
868;8 Mile;2002
869;Whale Rider;2002
870;The Core;2003
871;Home on the Range;2004
872;Chicago;2002
873;Ying xiong;2002
874;I Capture the Castle;2003
875;Shanghai Knights;2003
876;Blue Crush;2002
877;Timeline;2003
878;Dirty Pretty Things;2002
879;Good Bye Lenin!;2003
880;Inspector Gadget 2;2003
881;Jeepers Creepers II;2003
882;Le peuple migrateur;2001
883;Old School;2003
884;El segundo nombre;2002
885;Barbershop;2002
886;Cabin Fever;2002
887;Harry Potter and the Prisoner of Azkaban;2004
888;Mona Lisa Smile;2003
889;The Santa Clause 2;2002
890;Anger Management;2003
891;Charlie's Angels: Full Throttle;2003
892;Bringing Down the House;2003
893;Just Married;2003
894;Scary Movie 3;2003
895;Cradle 2 the Grave;2003
896;The Lizzie McGuire Movie;2003
897;Shark Tale;2004
898;Bad Santa;2003
899;Bobby;2006
900;Happily N'Ever After;2006
901;The Human Stain;2003
902;Finding Neverland;2004
903;Down with Love;2003
904;Final Destination 2;2003
905;Identity;2003
906;Luther;2003
907;Willard;2003
908;Fukushû sha ni awaremi wo;2002
909;Bowling for Columbine;2002
910;Confidence;2003
911;Master and Commander: The Far Side of the World;2003
912;Holes;2003
913;The League of Extraordinary Gentlemen;2003
914;Pieces of April;2003
915;The Curse of the Were-Rabbit;2005
916;Against the Ropes;2004
917;The Cat in the Hat;2003
918;Veronica Guerin;2003
919;Runaway Jury;2003
920;Two Weeks Notice;2002
921;Agent Cody Banks;2003
922;Gojira X Mekagojira;2002
923;Love Actually;2003
924;Tears of the Sun;2003
925;Ball & Chain;2004
926;Bruce Almighty;2003
927;Open Range;2003
928;Peter Pan;2003
929;Spider-Man 2;2004
930;Bridget Jones: The Edge of Reason;2004
931;Cars;2006
932;Cidade de Deus;2002
933;Daddy Day Care;2003
934;Hidalgo;2004
935;The Incredibles;2004
936;The Italian Job;2003
937;Mission: Impossible III;2006
938;A Sound of Thunder;2005
939;Looney Tunes: Back in Action;2003
940;Resident Evil: Apocalypse;2004
941;Sahara;2005
942;The Alamo;2004
943;Big Fish;2003
944;The Day After Tomorrow;2004
945;Elf;2003
946;Gun!;2001
947;Kingdom of Heaven;2005
948;Underworld;2003
949;2 Fast 2 Furious;2003
950;Freaky Friday;2003
951;Jackass: The Movie;2002
952;Laws of Attraction;2004
953;Octane;2003
954;Piglet's Big Movie;2003
955;Shattered Glass;2003
956;Suspect Zero;2004
957;The Texas Chainsaw Massacre;2003
958;Lara Croft Tomb Raider: The Cradle of Life;2003
959;The Last Samurai;2003
960;Matchstick Men;2003
961;Pirates of the Caribbean: The Curse of the Black Pearl;2003
962;The Great Raid;2005
963;Mystic River;2003
964;Over the Hedge;2006
965;The Stepford Wives;2004
966;Around the World in 80 Days;2004
967;Catwoman;2004
968;Coraline;2009
969;Ella Enchanted;2004
970;The Rundown;2003
971;In the Wrong Hands;2002
972;Man on Fire;2004
973;Under the Tuscan Sun;2003
974;American Wedding;2003
975;Brother Bear;2003
976;Dumb and Dumberer: When Harry Met Lloyd;2003
977;Freddy vs. Jason;2003
978;Seabiscuit;2003
979;Torque;2004
980;xXx: State of the Union;2005
981;Harry Potter and the Goblet of Fire;2005
982;Scooby-Doo 2: Monsters Unleashed;2004
983;The Notebook;2004
984;Saved!;2004
985;The School of Rock;2003
986;Troy;2004
987;Intermission;2003
988;Garden State;2004
989;Legally Blonde 2: Red, White & Blonde;2003
990;The Ladykillers;2004
991;Lost in Translation;2003
992;The Passion of the Christ;2004
993;Starsky & Hutch;2004
994;Win a Date with Tad Hamilton!;2004
995;Wonderland;2003
996;13 Going on 30;2004
997;Barbershop 2: Back in Business;2004
998;Rugrats Go Wild;2003
999;Something's Gotta Give;2003
1000;Birth;2004
1001;Calendar Girls;2003
1002;Cellular;2004
1003;Live Free or Die Hard;2007
1004;The Haunted Mansion;2003
1005;Dirty Dancing: Havana Nights;2004
1006;Les invasions barbares;2003
1007;Paycheck;2003
1008;The Polar Express;2004
1009;Spy Kids 3-D: Game Over;2003
1010;Van Helsing;2004
1011;Mou gaan dou;2002
1012;The Aviator;2004
1013;A Series of Unfortunate Events;2004
1014;Hostage;2005
1015;Monster;2003
1016;Unleashed;2005
1017;Manderlay;2005
1018;Along Came Polly;2004
1019;50 First Dates;2004
1020;The Good Shepherd;2006
1021;I, Robot;2004
1022;Un long dimanche de fiançailles;2004
1023;Arthur et les Minimoys;2006
1024;Chura Liyaa Hai Tumne;2003
1025;The SpongeBob SquarePants Movie;2004
1026;Alexander;2004
1027;Hauru no ugoku shiro;2004
1028;Superman Returns;2006
1029;Gothika;2003
1030;The Weekend It Lives;1992
1031;Cheaper by the Dozen;2003
1032;King Arthur;2004
1033;Ladder 49;2004
1034;Miracle;2004
1035;Ocean's Twelve;2004
1036;Revenge of the Unhappy Campers;2002
1037;An Unfinished Life;2005
1038;Madagascar;2005
1039;Cinderella Man;2005
1040;The Brothers Grimm;2005
1041;A Cinderella Story;2004
1042;The Forgotten;2004
1043;Garfield;2004
1044;The Family Stone;2005
1045;Mr. & Mrs. Smith;2005
1046;Elektra;2005
1047;Anchorman: The Legend of Ron Burgundy;2004
1048;Boogeyman;2005
1049;Robots;2005
1050;Shall We Dance;2004
1051;Walk the Line;2005
1052;Blade: Trinity;2004
1053;A Home at the End of the World;2004
1054;One Last Ride;2004
1055;The Secret Life of Walter Mitty;2013
1056;Wimbledon;2004
1057;Constantine;2005
1058;King Kong;2005
1059;Confessions of a Teenage Drama Queen;2004
1060;Fahrenheit 9/11;2004
1061;Inglourious Basterds;2009
1062;Killer Cop;2002
1063;The Machinist;2004
1064;Scary Movie 4;2006
1065;Son of the Mask;2005
1066;The Terminal;2004
1067;The Life Aquatic with Steve Zissou;2004
1068;Der Untergang;2004
1069;Beyond the Sea;2004
1070;Dawn of the Dead;2004
1071;Elephant;2003
1072;The Chronicles of Narnia: The Lion, the Witch and the Wardrobe;2005
1073;Secret Window;2004
1074;Taking Lives;2004
1075;Oldeuboi;2003
1076;Dodgeball: A True Underdog Story;2004
1077;Babylon A.D.;2008
1078;The Matador;2005
1079;Syriana;2005
1080;Shaun of the Dead;2004
1081;San wa;2005
1082;Whiteout;2009
1083;Anacondas: The Hunt for the Blood Orchid;2004
1084;Happy Feet;2006
1085;The Jacket;2005
1086;Shortbus;2006
1087;Wake of Death;2004
1088;After the Sunset;2004
1089;Charlie and the Chocolate Factory;2005
1090;Indiana Jones and the Kingdom of the Crystal Skull;2008
1091;Hannibal Rising;2007
1092;The Manchurian Candidate;2004
1093;The Room;2003
1094;The Village;2004
1095;Are We There Yet?;2005
1096;Elizabethtown;2005
1097;I'm Not There.;2007
1098;National Treasure;2004
1099;Nijam;2003
1100;The Princess Diaries 2: Royal Engagement;2004
1101;Sleepover;2004
1102;Collateral;2004
1103;Four Christmases;2008
1104;Fun with Dick and Jane;2005
1105;Jurassic World;2015
1106;Monster-in-Law;2005
1107;Ultraviolet;2006
1108;AVP: Alien vs. Predator;2004
1109;Chicken Little;2005
1110;The Hitchhiker's Guide to the Galaxy;2005
1111;Iron Man;2008
1112;The Bourne Supremacy;2004
1113;Guess Who;2005
1114;The Wedding Date;2005
1115;Team America: World Police;2004
1116;Batman Begins;2005
1117;Les choristes;2004
1118;D-War;2007
1119;Journey to the Center of the Earth;2008
1120;Kung fu;2004
1121;Kiss Kiss Bang Bang;2005
1122;Halloween;2007
1123;Harry Potter and the Order of the Phoenix;2007
1124;The Interpreter;2005
1125;Kontroll;2003
1126;Open Water;2003
1127;Tian di ying xiong;2003
1128;Bewitched;2005
1129;Napoleon Dynamite;2004
1130;Sideways;2004
1131;Alfie;2004
1132;White Noise;2005
1133;Kaakha..Kaakha: The Police;2003
1134;Pithamagan;2003
1135;Racing Stripes;2005
1136;X-Men: The Last Stand;2006
1137;Flight of the Phoenix;2004
1138;Mean Girls;2004
1139;The Ring Two;2005
1140;Be Cool;2005
1141;The Dukes of Hazzard;2005
1142;Gnomeo & Juliet;2011
1143;Kill Bill: Vol. 2;2004
1144;The Seat Filler;2004
1145;Serenity;2005
1146;The Merchant of Venice;2004
1147;Back in the Day;2005
1148;The Lovely Bones;2009
1149;Oliver Twist;2005
1150;Casino Royale;2006
1151;White Chicks;2004
1152;Hide and Seek;2005
1153;The Da Vinci Code;2006
1154;Dark Water;2005
1155;The Fallen;2003
1156;Ratatouille;2007
1157;Stealth;2005
1158;The Pink Panther;2006
1159;BloodRayne;2005
1160;Pirates of the Caribbean: Dead Man's Chest;2006
1161;G.O.R.A.;2004
1162;Cry_Wolf;2005
1163;Silent Hill;2006
1164;The Weather Man;2005
1165;Accepted;2006
1166;The Amityville Horror;2005
1167;Shi mian mai fu;2004
1168;Miss Congeniality 2: Armed and Fabulous;2005
1169;The Golden Compass;2007
1170;El Lobo;2004
1171;Monster House;2006
1172;San ging chat goo si;2004
1173;Sicko;2007
1174;Taegukgi hwinalrimyeo;2004
1175;Where the Wild Things Are;2009
1176;The Legend of Zorro;2005
1177;Bee Season;2005
1178;The Constant Gardener;2005
1179;Saw;2004
1180;Seed of Chucky;2004
1181;Christmas with the Kranks;2004
1182;Transporter 2;2005
1183;Brokeback Mountain;2005
1184;The Right Way;2004
1185;30 Days of Night;2007
1186;Bee Movie;2007
1187;Click;2006
1188;Septem8er Tapes;2004
1189;The Grudge;2004
1190;Earth;2007
1191;The Shaggy Dog;2006
1192;Alatriste;2006
1193;Crimen ferpecto;2004
1194;Hotel Rwanda;2004
1195;The Devil's Rejects;2005
1196;The Pacifier;2005
1197;Perfume: The Story of a Murderer;2006
1198;Wedding Crashers;2005
1199;Fat Albert;2004
1200;Nanny McPhee;2005
1201;House of Wax;2005
1202;The Skeleton Key;2005
1203;Eight Below;2006
1204;Memoirs of a Geisha;2005
1205;My Bollywood Bride;2006
1206;Bolt;2008
1207;The Longest Yard;2005
1208;Tangled;2010
1209;Rumor Has It...;2005
1210;Bridge to Terabithia;2007
1211;Gojira: Fainaru uôzu;2004
1212;The Island;2005
1213;Lord of War;2005
1214;Vizontele Tuuba;2003
1215;Herbie Fully Loaded;2005
1216;Open Season;2006
1217;John Carter;2012
1218;Sin City;2005
1219;Underworld: Evolution;2006
1220;The New World;2005
1221;The Cave;2005
1222;Nochnoy dozor;2004
1223;The Sisterhood of the Traveling Pants;2005
1224;"El garante";1997
1225;Chasing Ghosts;2005
1226;The Exorcism of Emily Rose;2005
1227;Little Children;2006
1228;Das Leben der Anderen;2006
1229;Million Dollar Baby;2004
1230;A Scanner Darkly;2006
1231;Sky High;2005
1232;Southland Tales;2006
1233;The 40 Year Old Virgin;2005
1234;The Wild;2006
1235;Zathura: A Space Adventure;2005
1236;Dungeons & Dragons: Wrath of the Dragon God;2005
1237;The Eye;2008
1238;Stripper's Ball (Jenna Jameson);2003
1239;Transamerica;2005
1240;War of the Worlds;2005
1241;Cámara oscura;2003
1242;The Departed;2006
1243;Spook;2003
1244;Sweeney Todd: The Demon Barber of Fleet Street;2007
1245;Munich;2005
1246;Firewall;2006
1247;Bad News Bears;2005
1248;Flightplan;2005
1249;The Heartbreak Kid;2007
1250;Poseidon;2006
1251;Watchmen;2009
1252;Cowboys & Aliens;2011
1253;The Lake House;2006
1254;Nim's Island;2008
1255;Slingshot;2005
1256;Tideland;2005
1257;Hellboy II: The Golden Army;2008
1258;Broken Flowers;2005
1259;The World's Fastest Indian;2005
1260;Evan Almighty;2007
1261;Shrek the Third;2007
1262;Spider-Man 3;2007
1263;Pride & Prejudice;2005
1264;Barnyard;2006
1265;Final Destination 3;2006
1266;Talladega Nights: The Ballad of Ricky Bobby;2006
1267;Hirsiz Var!;2005
1268;Mongol;2007
1269;Resurrecting the Champ;2007
1270;The Secret Life of Bees;2008
1271;The Spiderwick Chronicles;2008
1272;Wolf Creek;2005
1273;Volkodav iz roda Serykh Psov;2006
1274;Match Point;2005
1275;300;2006
1276;Becoming Jane;2007
1277;Pledge This!;2006
1278;Snakes on a Plane;2006
1279;Annapolis;2006
1280;Harry Potter and the Half-Blood Prince;2009
1281;Transformers;2007
1282;Flags of Our Fathers;2006
1283;Jarhead;2005
1284;Junebug;2005
1285;Land of the Dead;2005
1286;La tigre e la neve;2005
1287;Doom;2005
1288;Find Me Guilty;2006
1289;The Tale of Despereaux;2008
1290;The Texas Chainsaw Massacre: The Beginning;2006
1291;The Boss;2005
1292;Opal Dream;2006
1293;Domino;2005
1294;Control;2007
1295;Red Eye;2005
1296;The Curious Case of Benjamin Button;2008
1297;Big Momma's House 2;2006
1298;Dhoom;2004
1299;Diary of a Mad Black Woman;2005
1300;Fur: An Imaginary Portrait of Diane Arbus;2006
1301;Ghilli;2004
1302;Marie Antoinette;2006
1303;Sherrybaby;2006
1304;Sigaw;2004
1305;Surf's Up;2007
1306;Flushed Away;2006
1307;Joyeux Noël;2005
1308;Get Smart;2008
1309;Hot Fuzz;2007
1310;Just Like Heaven;2005
1311;Chi bi;2008
1312;Failure to Launch;2006
1313;Hairspray;2007
1314;The Lookout;2007
1315;La marche de l'empereur;2005
1316;The A-Team;2010
1317;An American Haunting;2005
1318;The Ant Bully;2006
1319;Four Brothers;2005
1320;Littleman;2006
1321;Get Rich or Die Tryin';2005
1322;Miami Vice;2006
1323;One Night with the King;2006
1324;The Secret Life of Words;2005
1325;Basic Instinct 2;2006
1326;Role Models;2008
1327;The Kingdom;2007
1328;P.S. I Love You;2007
1329;Resident Evil: Extinction;2007
1330;Fantastic Mr. Fox;2009
1331;Saw II;2005
1332;Factory Girl;2006
1333;Real Steel;2011
1334;Daybreakers;2009
1335;The Grudge 2;2006
1336;Harsh Times;2005
1337;V for Vendetta;2005
1338;Gekijouban Poketto monsutâ Adobansu jenerêshon: Rekkuu no houmonsha Deokishisu;2004
1339;Conversations with Other Women;2005
1340;The Descent;2005
1341;Next;2007
1342;Toy Story 3;2010
1343;G-Force;2009
1344;The Queen;2006
1345;Ice Age: The Meltdown;2006
1346;Peaceful Warrior;2006
1347;Terminator Salvation;2009
1348;Tau man ji D;2005
1349;The Bourne Ultimatum;2007
1350;Gracie;2007
1351;Dhoom:2;2006
1352;Free Zone;2005
1353;Kung Fu Panda;2008
1354;Lonely Hearts;2006
1355;Beowulf;2007
1356;Lincoln;2012
1357;Vantage Point;2008
1358;Yours, Mine & Ours;2005
1359;Borat: Cultural Learnings of America for Make Benefit Glorious Nation of Kazakhstan;2006
1360;Dreamgirls;2006
1361;Hoodwinked!;2005
1362;The Illusionist;2006
1363;10,000 BC;2008
1364;The X Files: I Want to Believe;2008
1365;Zodiac;2007
1366;The Reaping;2007
1367;Mass;2004
1368;Les bronzés 3: amis pour la vie;2006
1369;Across the Universe;2007
1370;Blades of Glory;2007
1371;Bordertown;2006
1372;Take the Lead;2006
1373;The Painted Veil;2006
1374;D.I.P. 3;2003
1375;Knowing;2009
1376;Sunshine;2007
1377;Hancock;2008
1378;Puss in Boots;2011
1379;Eragon;2006
1380;Little Miss Sunshine;2006
1381;Pirates of the Caribbean: At World's End;2007
1382;RV;2006
1383;Passengers;2008
1384;Blood Diamond;2006
1385;Hostel;2005
1386;Punisher: War Zone;2008
1387;1408;2007
1388;The Derby Stallion;2005
1389;Horton Hears a Who!;2008
1390;The Break-Up;2006
1391;Cheaper by the Dozen 2;2005
1392;Death Race;2008
1393;The Good German;2006
1394;The Santa Clause 3: The Escape Clause;2006
1395;The Time Traveler's Wife;2009
1396;Vacancy;2007
1397;Mr. Bean's Holiday;2007
1398;Deja Vu;2006
1399;TMNT;2007
1400;Flyboys;2006
1401;The Hills Have Eyes;2006
1402;Inside Man;2006
1403;Life of Pi;2012
1404;The Pursuit of Happyness;2006
1405;She's the Man;2006
1406;The Crazies;2010
1407;Garfield: A Tail of Two Kitties;2006
1408;How to Lose Friends & Alienate People;2008
1409;Madea's Family Reunion;2006
1410;Dead Silence;2007
1411;Australia;2008
1412;Vettaiyaadu Vilaiyaadu;2006
1413;When a Stranger Calls;2006
1414;The Equalizer;2014
1415;The Hitcher;2007
1416;John Tucker Must Die;2006
1417;Land of the Lost;2009
1418;Mr. Magorium's Wonder Emporium;2007
1419;El laberinto del fauno;2006
1420;Nacho Libre;2006
1421;Scoop;2006
1422;The Holiday;2006
1423;Captain America: The First Avenger;2011
1424;The Devil Wears Prada;2006
1425;Die Päpstin;2009
1426;Sin City: A Dame to Kill For;2014
1427;X-Men Origins: Wolverine;2009
1428;Enchanted;2007
1429;Black Snake Moan;2006
1430;The Last Legion;2007
1431;Rambo;2008
1432;Rescue Dawn;2006
1433;The Simpsons Movie;2007
1434;Step Up;2006
1435;You, Me and Dupree;2006
1436;28 Weeks Later;2007
1437;Astérix aux jeux olympiques;2008
1438;The Fast and the Furious: Tokyo Drift;2006
1439;Freedom Writers;2007
1440;Sillunu Oru Kadhal;2006
1441;El orfanato;2007
1442;Piranha 3D;2010
1443;American Dreamz;2006
1444;Nuovomondo;2006
1445;National Treasure: Book of Secrets;2007
1446;Igor;2008
1447;Michael Clayton;2007
1448;Notes on a Scandal;2006
1449;Shoot 'Em Up;2007
1450;My Super Ex-Girlfriend;2006
1451;Ye yan;2006
1452;Date Movie;2006
1453;The Omen;2006
1454;Max Payne;2008
1455;Juno;2007
1456;Gwoemul;2006
1457;The Dark Knight;2008
1458;There Will Be Blood;2007
1459;World Trade Center;2006
1460;The Last Time;2006
1461;Ex Machina;2015
1462;Tower Heist;2011
1463;Apocalypto;2006
1464;Charlie Wilson's War;2007
1465;The Smurfs;2011
1466;The Mechanic;2011
1467;Prince of Persia: The Sands of Time;2010
1468;The Perfect Game;2009
1469;Man cheng jin dai huang jin jia;2006
1470;Hail, Caesar!;2016
1471;Smokin' Aces;2006
1472;The Covenant;2006
1473;Sluga Gosudarev;2007
1474;The Brave One;2007
1475;Norbit;2007
1476;Unstoppable;2010
1477;Extremely Loud & Incredibly Close;2011
1478;Night at the Museum;2006
1479;No Country for Old Men;2007
1480;21;2008
1481;The Tree of Life;2011
1482;Knocked Up;2007
1483;Prête-moi ta main;2006
1484;Ant-Man;2015
1485;Rocky Balboa;2006
1486;Nancy Drew;2007
1487;Seraphim Falls;2006
1488;Bon Cop, Bad Cop;2006
1489;Dasavatharam;2008
1490;Sivaji;2007
1491;Madagascar: Escape 2 Africa;2008
1492;Season of the Witch;2011
1493;Dan in Real Life;2007
1494;I Am Legend;2007
1495;Hall Pass;2011
1496;No Reservations;2007
1497;The Number 23;2007
1498;The Croods;2013
1499;The Prestige;2006
1500;Pride and Glory;2008
1501;Space Chimps;2008
1502;Love in the Time of Cholera;2007
1503;The Air I Breathe;2007
1504;Mr. Nobody;2009
1505;Bo bui gai wak;2006
1506;Red Tails;2012
1507;Fly Me to the Moon;2008
1508;Beerfest;2006
1509;4: Rise of the Silver Surfer;2007
1510;Fred Claus;2007
1511;Stardust;2007
1512;What Just Happened;2008
1513;Disturbia;2007
1514;Day of the Dead;2008
1515;Who Killed the Electric Car?;2006
1516;Fanboys;2009
1517;Jumper;2008
1518;Night of the Living Dead 3D;2006
1519;Saw III;2006
1520;Butterfly on a Wheel;2007
1521;Mutant Chronicles;2008
1522;Reign Over Me;2007
1523;Something Borrowed;2011
1524;Away from Her;2006
1525;The Game Plan;2007
1526;On the Doll;2007
1527;Wanted;2008
1528;Osuofia in London 2;2004
1529;Inkheart;2008
1530;Nunchaku Freestyle Techniques;2004
1531;The Belly of the Beast;2007
1532;Welcome Home, Roscoe Jenkins;2008
1533;Silk;2007
1534;White Noise 2: The Light;2007
1535;Ocean's Thirteen;2007
1536;Vicky Cristina Barcelona;2008
1537;Hostel: Part II;2007
1538;Letters from Iwo Jima;2006
1539;We Own the Night;2007
1540;Roping to Win;2003
1541;The Chronicles of Narnia: Prince Caspian;2008
1542;Avatar;2009
1543;Reno 911!: Miami;2007
1544;AVPR: Aliens vs Predator - Requiem;2007
1545;Friday the 13th;2009
1546;Love & Other Drugs;2010
1547;Music and Lyrics;2007
1548;Body of Lies;2008
1549;The Water Horse;2007
1550;I Now Pronounce You Chuck & Larry;2007
1551;License to Wed;2007
1552;The Nativity Story;2006
1553;Planet 51;2009
1554;Océans;2009
1555;American Gangster;2007
1556;Escape from Planet Earth;2013
1557;Meet Dave;2008
1558;Thavamai Thavamiruntu;2005
1559;Man of Steel;2013
1560;Blood Ranch;2006
1561;L'illusionniste;2010
1562;Aliens in the Attic;2009
1563;Flawless;2007
1564;The Princess and the Frog;2009
1565;The Wolfman;2010
1566;Atonement;2007
1567;Until Death;2007
1568;Hotel for Dogs;2009
1569;The Boxtrolls;2014
1570;Dallas Buyers Club;2013
1571;Jack Reacher;2012
1572;R.I.P.D.;2013
1573;Mamma Mia!;2008
1574;Scary Movie 5;2013
1575;Star Trek;2009
1576;Epic Movie;2007
1577;Forgetting Sarah Marshall;2008
1578;The Incredible Hulk;2008
1579;Clash of the Titans;2010
1580;Thor;2011
1581;Warcraft;2016
1582;The Hottie & the Nottie;2008
1583;Married Life;2007
1584;La terza madre;2007
1585;Lars and the Real Girl;2007
1586;The Midnight Meat Train;2008
1587;Partner;2007
1588;Angels & Demons;2009
1589;Speed Racer;2008
1590;The Love Guru;2008
1591;Percy Jackson & the Olympians: The Lightning Thief;2010
1592;Seven Pounds;2008
1593;Sydney White;2007
1594;Pokiri;2006
1595;The Book Thief;2013
1596;Conan the Barbarian;2011
1597;Night of the Dead: Leben Tod;2006
1598;Interstellar;2014
1599;World War Z;2013
1600;The Alphabet Killer;2008
1601;Marley & Me;2008
1602;Priest;2011
1603;Tinker Bell;2008
1604;Changeling;2008
1605;The Bucket List;2007
1606;The Indian;2007
1607;Dracula Untold;2014
1608;A Mighty Heart;2007
1609;Superbad;2007
1610;Quantum of Solace;2008
1611;Godzilla;2014
1612;Reservation Road;2007
1613;Underworld: Rise of the Lycans;2009
1614;A Plumm Summer;2007
1615;Hotel Transylvania;2012
1616;The Darjeeling Limited;2007
1617;The Pink Panther 2;2009
1618;After.Life;2009
1619;BabyPro: Let's Play Ball!;2004
1620;Step Brothers;2008
1621;The Town;2010
1622;The Kids Are All Right;2010
1623;Desamuduru;2007
1624;Cloudy with a Chance of Meatballs;2009
1625;The Last House on the Left;2009
1626;Hoodwinked Too! Hood vs. Evil;2011
1627;The Avengers;2012
1628;Epic;2013
1629;Diary of the Dead;2007
1630;The House Bunny;2008
1631;Death of a President;2006
1632;Timber Falls;2007
1633;BabyPro: Let's Make a Splash!;2005
1634;The Mummy: Tomb of the Dragon Emperor;2008
1635;Tropa de Elite;2007
1636;Sunshine Cleaning;2008
1637;The Duchess;2008
1638;Mr. Peabody & Sherman;2014
1639;The Black Balloon;2008
1640;The Forbidden Kingdom;2008
1641;Made of Honor;2008
1642;Gekijouban Poketto monsutâ Adobansu jenerêshon: Myuu to hadou no yuusha Rukario;2005
1643;Gake no ue no Ponyo;2008
1644;The Blind Side;2009
1645;Katyn;2007
1646;Eat Pray Love;2010
1647;Ji jie hao;2007
1648;Sanctum;2011
1649;Legends of Oz: Dorothy's Return;2013
1650;Impromptu Clients and Off the Cuff;2006
1651;Blonde Ambition;2007
1652;Burn After Reading;2008
1653;The Hurt Locker;2008
1654;Brüno;2009
1655;Saw IV;2007
1656;Street Fighter: The Legend of Chun-Li;2009
1657;Letters to Juliet;2010
1658;How to Train Your Dragon;2010
1659;Monsters vs. Aliens;2009
1660;Shrek Forever After;2010
1661;Blonde and Blonder;2007
1662;I Know Who Killed Me;2007
1663;Bride Wars;2009
1664;The Hobbit: An Unexpected Journey;2012
1665;Six Perfect Pictures;2006
1666;Pineapple Express;2008
1667;WALL·E;2008
1668;Armored;2009
1669;Los abrazos rotos;2009
1670;The Legend of Tarzan;2016
1671;Billa;2007
1672;Flammen & Citronen;2008
1673;Harry Potter and the Deathly Hallows: Part 1;2010
1674;Milos Brankovic;2008
1675;Rabbit Hole;2010
1676;The Last Airbender;2010
1677;Silent Hill: Revelation 3D;2012
1678;Arthur 3: la guerre des deux mondes;2010
1679;Arthur et la vengeance de Maltazard;2009
1680;Tropic Thunder;2008
1681;Salt;2010
1682;Source Code;2011
1683;Black Swan;2010
1684;Green Zone;2010
1685;The Amazing Spider-Man;2012
1686;The Happening;2008
1687;Alvin and the Chipmunks;2007
1688;Robin Hood;2010
1689;The Ten Commandments;2007
1690;Revolutionary Road;2008
1691;You Don't Mess with the Zohan;2008
1692;Bedtime Stories;2008
1693;Fireflies in the Garden;2008
1694;The Objective;2008
1695;High School Musical 3: Senior Year;2008
1696;The Young Victoria;2009
1697;The Ruins;2008
1698;The Sorcerer's Apprentice;2010
1699;Tetro;2009
1700;Hugo;2011
1701;City of Ember;2008
1702;The Day the Earth Stood Still;2008
1703;Solomon Kane;2009
1704;Little Fockers;2010
1705;17 Again;2009
1706;The Reader;2008
1707;Frozen River;2008
1708;Sucker Punch;2011
1709;The Chronicles of Narnia: The Voyage of the Dawn Treader;2010
1710;The Adventures of Tintin;2011
1711;Machete;2010
1712;Valkyrie;2008
1713;Surrogates;2009
1714;Sherlock Holmes;2009
1715;27 Dresses;2008
1716;The Green Hornet;2011
1717;Hanna;2011
1718;The Wolf of Wall Street;2013
1719;Adventure Scouts;2010
1720;Sex and the City;2008
1721;He's Just Not That Into You;2009
1722;Megamind;2010
1723;Zack and Miri Make a Porno;2008
1724;The Iron Lady;2011
1725;Slumdog Millionaire;2008
1726;Knight and Day;2010
1727;Fast & Furious;2009
1728;Child 44;2015
1729;Beverly Hills Chihuahua;2008
1730;Fame;2009
1731;Selma;2014
1732;Centurion;2010
1733;(500) Days of Summer;2009
1734;Step Up 2: The Streets;2008
1735;Il divo - La spettacolare vita di Giulio Andreotti;2008
1736;Argo;2012
1737;Choke;2008
1738;Wall Street: Money Never Sleeps;2010
1739;Hachi: A Dog's Tale;2009
1740;Secretariat;2010
1741;Poltergeist;2015
1742;The Rocker;2008
1743;The Warrior's Way;2010
1744;RocknRolla;2008
1745;The Descendants;2011
1746;What Happens in Vegas;2008
1747;Gamer;2009
1748;Righteous Kill;2008
1749;The Eagle;2011
1750;The Book of Eli;2010
1751;Legion;2010
1752;[Rec];2007
1753;The Nutcracker in 3D;2010
1754;Silver Linings Playbook;2012
1755;My Best Friend's Girl;2008
1756;G.I. Joe: The Rise of Cobra;2009
1757;Parental Guidance;2012
1758;Up;2009
1759;Goosebumps;2015
1760;Repo Men;2010
1761;Life as We Know It;2010
1762;Hua pi;2008
1763;Transformers: Revenge of the Fallen;2009
1764;Invictus;2009
1765;Eagle Eye;2008
1766;Cloverfield;2008
1767;Bienvenue chez les Ch'tis;2008
1768;A Christmas Carol;2009
1769;Water for Elephants;2011
1770;Monte Carlo;2011
1771;Footloose;2011
1772;Yes Man;2008
1773;Finding a Dream;2005
1774;Ghost Rider: Spirit of Vengeance;2011
1775;Meet the Spartans;2008
1776;Skyfall;2012
1777;Race to Witch Mountain;2009
1778;Dark Shadows;2012
1779;My Sister's Keeper;2009
1780;Night at the Museum: Battle of the Smithsonian;2009
1781;Couples Retreat;2009
1782;Ice Age: Dawn of the Dinosaurs;2009
1783;The Wackness;2008
1784;Eddie the Eagle;2016
1785;Blended;2014
1786;I'm Calling Frank;2007
1787;Lone Survivor;2013
1788;Paul;2011
1789;The Darkest Hour;2011
1790;Jab We Met;2007
1791;New in Town;2009
1792;Dragonball Evolution;2009
1793;Foxcatcher;2014
1794;Admiral;2008
1795;Killers;2010
1796;Tron: Legacy;2010
1797;Paddington;2014
1798;The Taking of Pelham 1 2 3;2009
1799;Hannah Montana: The Movie;2009
1800;Paul Blart: Mall Cop;2009
1801;Jackass 3D;2010
1802;The Hangover;2009
1803;Blue Valentine;2010
1804;Crank: High Voltage;2009
1805;Di Renjie: Tong tian di guo;2010
1806;The Ides of March;2011
1807;Morning Glory;2010
1808;Drag Me to Hell;2009
1809;Fireproof;2008
1810;Transporter 3;2008
1811;The Informant!;2009
1812;Shutter Island;2010
1813;Män som hatar kvinnor;2009
1814;Saw V;2008
1815;Green Lantern;2011
1816;Survival of the Dead;2009
1817;Takers;2010
1818;Duplicity;2009
1819;Julie & Julia;2009
1820;Sex Drive;2008
1821;District 9;2009
1822;Sonny Boy;2011
1823;The Ghost Writer;2010
1824;Låt den rätte komma in;2008
1825;Frankenweenie;2012
1826;The Ugly Truth;2009
1827;The Final Destination;2009
1828;Beastly;2011
1829;Public Enemies;2009
1830;I Love You, Man;2009
1831;The Karate Kid;2010
1832;Zombieland;2009
1833;The Rite;2011
1834;Anytown;2009
1835;The Hobbit: The Desolation of Smaug;2013
1836;Whip It;2009
1837;Whatever Works;2009
1838;Les aventures extraordinaires d'Adèle Blanc-Sec;2010
1839;From Paris with Love;2010
1840;A Nightmare on Elm Street;2010
1841;My Bloody Valentine;2009
1842;Paranormal Activity;2007
1843;Vaaranam Aayiram;2008
1844;Kurbaan;2009
1845;Star Wars: The Clone Wars;2008
1846;Agora;2009
1847;3 Idiots;2009
1848;My Name Is Khan;2010
1849;La piel que habito;2011
1850;The Lincoln Lawyer;2011
1851;Jalsa;2008
1852;Thoda Pyaar Thoda Magic;2008
1853;Rango;2011
1854;Step Up 3D;2010
1855;The Bourne Legacy;2012
1856;The Five-Year Engagement;2012
1857;Diary of a Wimpy Kid;2010
1858;Law Abiding Citizen;2009
1859;Obsessed;2009
1860;Funny People;2009
1861;Harry Potter and the Deathly Hallows: Part 2;2011
1862;The Muppets;2011
1863;Last Vegas;2013
1864;Gran Torino;2008
1865;Jack Ryan: Shadow Recruit;2014
1866;Moneyball;2011
1867;The Lone Ranger;2013
1868;Escape Plan;2013
1869;Hereafter;2010
1870;The Back-up Plan;2010
1871;Lawless;2012
1872;Disaster Movie;2008
1873;London Boulevard;2010
1874;The World's End;2013
1875;Cars 2;2011
1876;Flickan som lekte med elden;2009
1877;Brave;2012
1878;Secret of the Wings;2012
1879;Battle Los Angeles;2011
1880;Pour elle;2008
1881;Legend of the Guardians: The Owls of Ga'Hoole;2010
1882;Resident Evil: Afterlife;2010
1883;Yip Man;2008
1884;Zookeeper;2011
1885;Viy;2014
1886;Io sono l'amore;2009
1887;Edge of Darkness;2010
1888;Iron Man 2;2010
1889;Kuruvi;2008
1890;Mission: Impossible - Ghost Protocol;2011
1891;Anchorman 2: The Legend Continues;2013
1892;It's Complicated;2009
1893;Alvin and the Chipmunks: The Squeakquel;2009
1894;Due Date;2010
1895;Hot Tub Time Machine;2010
1896;That's My Boy;2012
1897;21 Jump Street;2012
1898;Red Dawn;2012
1899;RoboCop;2014
1900;Wild Target;2010
1901;Chico & Rita;2010
1902;Your Highness;2011
1903;Celda 211;2009
1904;I Spit on Your Grave;2010
1905;The Tourist;2010
1906;Cadmium Red Light;2007
1907;[Rec]²;2009
1908;This Is the End;2013
1909;RED;2010
1910;Kick-Ass;2010
1911;Middle Men;2009
1912;300: Rise of an Empire;2014
1913;Immortals;2011
1914;Incendies;2010
1915;The Man with the Iron Fists;2012
1916;The Cabin in the Woods;2012
1917;The Twilight Saga: New Moon;2009
1918;Sex and the City 2;2010
1919;Scream 4;2011
1920;Mosquito Kingdom;2008
1921;Waste Land;2010
1922;X: First Class;2011
1923;2 Guns;2013
1924;Looper;2012
1925;Madagascar 3: Europe's Most Wanted;2012
1926;Død snø;2009
1927;Date Night;2010
1928;Easy A;2010
1929;Bad Teacher;2011
1930;The Social Network;2010
1931;Cats & Dogs: The Revenge of Kitty Galore;2010
1932;Evil Dead;2013
1933;Ghostbusters;2016
1934;Teenage Mutant Ninja Turtles;2014
1935;Warrior;2011
1936;The Last Song;2010
1937;Pirates of the Caribbean: On Stranger Tides;2011
1938;Iron Man Three;2013
1939;Kung Fu Panda 2;2011
1940;Yogi Bear;2010
1941;Enthiran;2010
1942;El secreto de sus ojos;2009
1943;Ga yau hei si 2009;2009
1944;50/50;2011
1945;Halloween II;2009
1946;Animal Kingdom;2010
1947;Did You Hear About the Morgans?;2009
1948;Devil;2010
1949;Hierro;2009
1950;Rise of the Planet of the Apes;2011
1951;Burke and Hare;2010
1952;The Last Exorcism;2010
1953;The Expendables;2010
1954;Gulliver's Travels;2010
1955;Gangster Squad;2013
1956;August: Osage County;2013
1957;La posesión de Emma Evans;2010
1958;Largo Winch II;2011
1959;Despicable Me;2010
1960;The Twilight Saga: Breaking Dawn - Part 1;2011
1961;The Twilight Saga: Eclipse;2010
1962;Chi bi Part II: Jue zhan tian xia;2009
1963;The Lucky One;2012
1964;Never Let Me Go;2010
1965;47 Ronin;2013
1966;Rock of Ages;2012
1967;Terminator Genisys;2015
1968;Sex, Drugs, and Comedy;2011
1969;Tinker Tailor Soldier Spy;2011
1970;The Great Gatsby;2013
1971;Dredd;2012
1972;The Dark Knight Rises;2012
1973;Pendragon: Sword of His Father;2008
1974;Jack the Giant Slayer;2013
1975;If I Stay;2014
1976;The Infiltrator;2016
1977;Black Mass;2015
1978;Siamese Connection;2008
1979;The Cold Light of Day;2012
1980;Lyubov v bolshom gorode;2009
1981;Cloud Atlas;2012
1982;Inception;2010
1983;Grown Ups;2010
1984;The Adjustment Bureau;2011
1985;Cop Out;2010
1986;The Other Guys;2010
1987;Suicide Squad;2016
1988;We Bought a Zoo;2011
1989;In the Heart of the Sea;2015
1990;Why Did I Get Married Too?;2010
1991;The Hunger Games;2012
1992;Mad Max: Fury Road;2015
1993;Marmaduke;2010
1994;Prisoners;2013
1995;Tang shan da di zhen;2010
1996;Mr. Popper's Penguins;2011
1997;Taken 2;2012
1998;Journey 2: The Mysterious Island;2012
1999;Straight Outta Compton;2015
2000;Transformers: Dark of the Moon;2011
2001;Winter's Bone;2010
2002;Happy Feet Two;2011
2003;True Grit;2010
2004;Remember Me;2010
2005;Star Trek Into Darkness;2013
2006;Ride Along;2014
2007;Men in Black 3;2012
2008;Jin ling shi san chai;2011
2009;Riddick;2013
2010;The Hangover Part II;2011
2011;Hop;2011
2012;The Best Exotic Marigold Hotel;2011
2013;You Again;2010
2014;Nanny McPhee and the Big Bang;2010
2015;Entrelobos;2010
2016;I, Frankenstein;2014
2017;Beneath Hill 60;2010
2018;Somewhere;2010
2019;Predators;2010
2020;Su Qi-er;2010
2021;War Machine;2010
2022;Hansel & Gretel: Witch Hunters;2013
2023;The Wolverine;2013
2024;Arthur Christmas;2011
2025;The Pirates! In an Adventure with Scientists!;2012
2026;Deadpool;2016
2027;Another Year;2010
2028;Vel;2007
2029;Rio;2011
2030;Charlie St. Cloud;2010
2031;Battleship;2012
2032;Les petits mouchoirs;2010
2033;Pina;2011
2034;This Must Be the Place;2011
2035;The American;2010
2036;Quartet;2012
2037;Rise of the Guardians;2012
2038;Magadheera;2009
2039;Killer Elite;2011
2040;Winnie the Pooh;2011
2041;Call of Duty: Modern Warfare 2;2009
2042;Pokkiri;2007
2043;Monsters University;2013
2044;The Help;2011
2045;Gravity;2013
2046;Tomorrow, When the War Began;2010
2047;The Conjuring;2013
2048;The Next Three Days;2010
2049;Buried;2010
2050;The Odd Life of Timothy Green;2012
2051;Yi dai zong shi;2013
2052;Big Mommas: Like Father, Like Son;2011
2053;I Am Number Four;2011
2054;L'arnacoeur;2010
2055;The Human Centipede (First Sequence);2009
2056;Saw 3D;2010
2057;This Is It;2009
2058;Cosmopolis;2012
2059;Beverly Hills Chihuahua 2;2011
2060;The Lorax;2012
2061;Aadhavan;2009
2062;Red Riding Hood;2011
2063;Khumba;2013
2064;The Change-Up;2011
2065;Central Intelligence;2016
2066;The Lego Movie;2014
2067;Underworld: Awakening;2012
2068;Paiyaa;2010
2069;Horrible Bosses;2011
2070;Fantastic Four;2015
2071;The King's Speech;2010
2072;Haywire;2011
2073;Naan Mahaan Alla;2010
2074;The Three Musketeers;2011
2075;Aayirathil Oruvan;2010
2076;Sherlock Holmes: A Game of Shadows;2011
2077;The Host;2013
2078;Spy Kids: All the Time in the World in 4D;2011
2079;Contraband;2012
2080;Exodus: Gods and Kings;2014
2081;Daddy's Home;2015
2082;Beginners;2010
2083;Battle of the Year;2013
2084;Rang zi dan fei;2010
2085;Captain Phillips;2013
2086;Hope Springs;2012
2087;The Son of No One;2011
2088;Paranormal Activity 2;2010
2089;W.E.;2011
2090;The Mortal Instruments: City of Bones;2013
2091;Snow Flower and the Secret Fan;2011
2092;127 Hours;2010
2093;The Last Stand;2013
2094;A Better Life;2011
2095;Country Strong;2010
2096;Beautiful Creatures;2013
2097;The Master;2012
2098;The Devil Inside;2012
2099;Ra.One;2011
2100;One Day;2011
2101;Dolphin Tale;2011
2102;Just Go with It;2011
2103;Skyline;2010
2104;For Greater Glory: The True Story of Cristiada;2012
2105;Yahsi Bati;2009
2106;Man on a Ledge;2012
2107;The Girl with the Dragon Tattoo;2011
2108;War Horse;2011
2109;Kari-gurashi no Arietti;2010
2110;Crazy, Stupid, Love.;2011
2111;Vettaikaran;2009
2112;Texas Chainsaw 3D;2013
2113;The Dilemma;2011
2114;House at the End of the Street;2012
2115;Larry Crowne;2011
2116;G.I. Joe: Retaliation;2013
2117;What to Expect When You're Expecting;2012
2118;Machine Gun Preacher;2011
2119;Maleficent;2014
2120;Warm Bodies;2013
2121;Sleeping Beauty;2011
2122;Act of Valor;2012
2123;Lockout;2012
2124;Bushwick;2010
2125;Fast Five;2011
2126;Soul Surfer;2011
2127;This Means War;2012
2128;The Big Short;2015
2129;The Woman in Black;2012
2130;Astérix & Obélix: Au service de sa Majesté;2012
2131;Contagion;2011
2132;New Year's Eve;2011
2133;One for the Money;2012
2134;Safe House;2012
2135;The Grey;2011
2136;Albert Nobbs;2011
2137;Only God Forgives;2013
2138;Amour;2012
2139;American Reunion;2012
2140;Midnight in Paris;2011
2141;A Good Day to Die Hard;2013
2142;The Vow;2012
2143;Are You for Great Sex?;2010
2144;The Road to Riches;2010
2145;Abraham Lincoln: Vampire Hunter;2012
2146;Rubber;2010
2147;Kon-Tiki;2012
2148;Savages;2012
2149;Margin Call;2011
2150;Alvin and the Chipmunks: Chipwrecked;2011
2151;J. Edgar;2011
2152;Jupiter Ascending;2015
2153;The Last Witch Hunter;2015
2154;Dabangg;2010
2155;Free Birds;2013
2156;Think Like a Man;2012
2157;Final Destination 5;2011
2158;Oz the Great and Powerful;2013
2159;ParaNorman;2012
2160;Young Adult;2011
2161;Badrinath;2011
2162;Independence Day: Resurgence;2016
2163;7 Khoon Maaf;2011
2164;Edge of Tomorrow;2014
2165;Friends with Benefits;2011
2166;Johnny English Reborn;2011
2167;Project X;2012
2168;In Time;2011
2169;Ted;2012
2170;The Man from U.N.C.L.E.;2015
2171;Justin and the Knights of Valour;2013
2172;Inside Job;2010
2173;The Dictator;2012
2174;The Planets: An HD Odyssey;2010
2175;How to Train Your Dragon 2;2014
2176;Wrath of the Titans;2012
2177;Here Comes the Boom;2012
2178;Lo imposible;2012
2179;[Rec]³: Génesis;2012
2180;Diary of a Wimpy Kid: Rodrick Rules;2011
2181;Super 8;2011
2182;Kick-Ass 2;2013
2183;The Haunted Soldier;2010
2184;Night Train to Lisbon;2013
2185;My Week with Marilyn;2011
2186;Singam;2010
2187;Colombiana;2011
2188;Universal Soldier: Day of Reckoning;2012
2189;Grudge Match;2013
2190;Hotel Hollywood;2010
2191;Fun Size;2012
2192;The Revenant;2015
2193;Pacific Rim;2013
2194;Vampires Suck;2010
2195;Wo zhi nv ren xin;2011
2196;Ice Age: Continental Drift;2012
2197;Elle s'appelait Sarah;2010
2198;The Twilight Saga: Breaking Dawn - Part 2;2012
2199;Stainless Assassin;2010
2200;Entourage;2015
2201;Take Shelter;2011
2202;Intouchables;2011
2203;Stoker;2013
2204;Long men fei jia;2011
2205;Despicable Me 2;2013
2206;Planes;2013
2207;Carnage;2011
2208;The Guilt Trip;2012
2209;Mel Karade Rabba;2010
2210;Alexander and the Terrible, Horrible, No Good, Very Bad Day;2014
2211;Seven Days in Utopia;2011
2212;Sausage Party;2016
2213;Justin Bieber: Never Say Never;2011
2214;Chronicle;2012
2215;Snowpiercer;2013
2216;Les Misérables;2012
2217;21 & Over;2013
2218;Alex Cross;2012
2219;Piranha 3DD;2012
2220;The Inbetweeners Movie;2011
2221;Xi you ji: Da nao tian gong;2014
2222;We're the Millers;2013
2223;My Little Princess;2010
2224;Killer Joe;2011
2225;Ender's Game;2013
2226;Snow White and the Huntsman;2012
2227;Sabotage;2014
2228;Moonrise Kingdom;2012
2229;Red Lights;2012
2230;Centro De Gravidade;2011
2231;Idol of Evil;2009
2232;The Way to Paradise;2011
2233;The Argues: The Movie;2010
2234;Viernes de Ánimas: El camino de las flores;2011
2235;This Is 40;2012
2236;Walking with Dinosaurs 3D;2013
2237;Killing Them Softly;2012
2238;The Expendables 2;2012
2239;Xin hai ge ming;2011
2240;Wreck-It Ralph;2012
2241;Paranormal Activity 3;2011
2242;Beneath the Darkness;2011
2243;Parada;2011
2244;Madea's Big Happy Family;2011
2245;Talaash;2012
2246;67th Street, New York, NY;2011
2247;The Maze Runner;2014
2248;Zero Dark Thirty;2012
2249;The Campaign;2012
2250;Inherent Vice;2014
2251;The 40,000;2009
2252;La vérité si je mens! 3;2012
2253;Kokuriko-zaka kara;2011
2254;Her;2013
2255;American Hustle;2013
2256;Step Up Revolution;2012
2257;The Worst Movie Ever!;2011
2258;After Earth;2013
2259;Ernest et Célestine;2012
2260;Vlyublennye v Kiev;2011
2261;Rebelle;2012
2262;Kaavalan;2011
2263;Nebraska;2013
2264;Rundskop;2011
2265;RED 2;2013
2266;Annie;2014
2267;Chappie;2015
2268;Mañana te Cuento 2;2008
2269;Jodaeiye Nader az Simin;2011
2270;Winter's Tale;2014
2271;Ruby Sparks;2012
2272;Rockstar;2011
2273;Divergent;2014
2274;The Words;2012
2275;Captain America: The Winter Soldier;2014
2276;Dracula 3D;2012
2277;Django Unchained;2012
2278;Den skaldede frisør;2012
2279;Percy Jackson: Sea of Monsters;2013
2280;End of Watch;2012
2281;Resident Evil: Retribution;2012
2282;To Rome with Love;2012
2283;Dirty Grandpa;2016
2284;Turbo;2013
2285;Song of the Sea;2014
2286;The Sessions;2012
2287;Beneath the Darkness;2010
2288;The Amazing Spider-Man 2;2014
2289;The Judge;2014
2290;X-Men: Days of Future Past;2014
2291;Parker;2013
2292;Furious 6;2013
2293;Penguins of Madagascar;2014
2294;Magic Mike;2012
2295;The Hidden Jungle;1990
2296;Bachelorette;2012
2297;Glee: The 3D Concert Movie;2011
2298;La migliore offerta;2013
2299;Let's Be Cops;2014
2300;Heaven Is for Real;2014
2301;Seven Psychopaths;2012
2302;El gran milagro;2011
2303;Carrie;2013
2304;The Immigrant;2013
2305;The Hangover Part III;2013
2306;The Hunger Games: Catching Fire;2013
2307;The Hunger Games: Mockingjay - Part 1;2014
2308;The Hunger Games: Mockingjay - Part 2;2015
2309;Sex Tape;2014
2310;Noah;2014
2311;Granted Campfire Stories 2;2011
2312;Tomorrowland;2015
2313;Velayudham;2011
2314;Stalingrad;2013
2315;A Most Wanted Man;2014
2316;The Neon Demon;2016
2317;Victor Frankenstein;2015
2318;Abby 33;2010
2319;The Good Dinosaur;2015
2320;Pain & Gain;2013
2321;Razend;2011
2322;Thor: The Dark World;2013
2323;Pitch Perfect;2012
2324;Angry Birds;2016
2325;Cloudy with a Chance of Meatballs 2;2013
2326;Chernobyl Diaries;2012
2327;Force;2011
2328;Machete Kills;2013
2329;Kaze tachinu;2013
2330;Guardians of the Galaxy;2014
2331;The Smurfs 2;2013
2332;All Is Lost;2013
2333;Diary of a Wimpy Kid: Dog Days;2012
2334;Identity Thief;2013
2335;Non-Stop;2014
2336;12 Years a Slave;2013
2337;The Finest Hours;2016
2338;Kanchana: Muni 2;2011
2339;The Last Exorcism Part II;2013
2340;Inside Llewyn Davis;2013
2341;De rouille et d'os;2012
2342;Yaara O Dildaara;2011
2343;Point Break;2015
2344;Barfi!;2012
2345;The Best Man Holiday;2013
2346;Trouble with the Curve;2012
2347;The Imitation Game;2014
2348;The Prince of Town;2011
2349;Dumb and Dumber To;2014
2350;Synevir;2013
2351;Tammy;2014
2352;Dawn of the Planet of the Apes;2014
2353;Into the Storm;2014
2354;Jagten;2012
2355;The Oval Portrait;2011
2356;Paranormal Activity 4;2012
2357;Transformers: Age of Extinction;2014
2358;Hundraåringen som klev ut genom fönstret och försvann;2013
2359;Pixels;2015
2360;Beasts of the Southern Wild;2012
2361;San Andreas;2015
2362;Saving Mr. Banks;2013
2363;Rock Ba-Casba;2012
2364;Yi bu zhi yao;2014
2365;Horrible Bosses 2;2014
2366;St. Vincent;2014
2367;3 Days to Kill;2014
2368;Jab Tak Hai Jaan;2012
2369;The Monuments Men;2014
2370;American Sniper;2014
2371;Into the Woods;2014
2372;Nanban;2012
2373;Legenda No. 17;2013
2374;Thuppakki;2012
2375;Thanga Meengal;2013
2376;Grown Ups 2;2013
2377;The Counselor;2013
2378;Vishwaroopam;2013
2379;The Other Woman;2014
2380;Baadshah;2013
2381;Before Midnight;2013
2382;Madea's Witness Protection;2012
2383;Katy Perry: Part of Me;2012
2384;Outsiders;2012
2385;Saguni;2012
2386;Insidious: Chapter 2;2013
2387;Don Jon;2013
2388;Chashme Baddoor;2013
2389;The Internship;2013
2390;The Quiet Ones;2014
2391;Think Like a Man Too;2014
2392;Money Monster;2016
2393;Los amantes pasajeros;2013
2394;A Haunted House;2013
2395;Snezhnaya koroleva;2012
2396;Big Hero 6;2014
2397;The Book of Life;2014
2398;The Greed of Men;2013
2399;Kung Fu Panda 3;2016
2400;Gone Girl;2014
2401;Magic Mike XXL;2015
2402;Finding Dory;2016
2403;The Grand Budapest Hotel;2014
2404;The SpongeBob Movie: Sponge Out of Water;2015
2405;Muppets Most Wanted;2014
2406;Minions;2015
2407;22 Jump Street;2014
2408;Fathers;2012
2409;Olympus Has Fallen;2013
2410;Gabbar Singh;2012
2411;Mandela: Long Walk to Freedom;2013
2412;The 5th Wave;2016
2413;Singam 2;2013
2414;The Hobbit: The Battle of the Five Armies;2014
2415;La belle et la bête;2014
2416;Belyy tigr;2012
2417;Fifty Shades of Grey;2015
2418;Chithiram Pesuthadi;2006
2419;The Expendables 3;2014
2420;Abby 79;2011
2421;Blue Jasmine;2013
2422;White House Down;2013
2423;Yugo and Lala;2012
2424;Rio 2;2014
2425;La grande bellezza;2013
2426;Raanjhanaa;2013
2427;Runner Runner;2013
2428;Les chevaux de Dieu;2012
2429;Need for Speed;2014
2430;Hua pi 2;2012
2431;The Act of Killing;2012
2432;Deliver Us from Evil;2014
2433;No se aceptan devoluciones;2013
2434;Mission: Impossible - Rogue Nation;2015
2435;Delivery Man;2013
2436;Avengers: Age of Ultron;2015
2437;Twenty Feet from Stardom;2013
2438;Dark Places;2015
2439;De Groeten van Mike!;2012
2440;Belle;2013
2441;Gods of Egypt;2016
2442;Woman in Gold;2015
2443;Swim Little Fish Swim;2013
2444;Philomena;2013
2445;A War Hero;2012
2446;Singh Saab the Great;2013
2447;Taken 3;2014
2448;Bronies: The Extremely Unexpected Adult Fans of My Little Pony;2012
2449;The Peanuts Movie;2015
2450;El Xendra;2012
2451;Spijt!;2013
2452;Paranormal Activity: The Ghost Dimension;2015
2453;Paranormal Activity: The Marked Ones;2014
2454;Mr. Turner;2014
2455;Star Wars: Episode VII - The Force Awakens;2015
2456;Hotel Transylvania 2;2015
2457;One Direction: This Is Us;2013
2458;God's Not Dead;2014
2459;#Lucky Number;2015
2460;Arrambam;2013
2461;A Million Ways to Die in the West;2014
2462;Get Hard;2015
2463;Birdman or (The Unexpected Virtue of Ignorance);2014
2464;Naduvula Konjam Pakkatha Kaanom;2012
2465;Alice Through the Looking Glass;2016
2466;Kaguyahime no monogatari;2013
2467;Whiplash;2014
2468;The Fault in Our Stars;2014
2469;Routine Love Story;2012
2470;Kevin Hart: Let Me Explain;2013
2471;Thalaivaa;2013
2472;Step Up All In;2014
2473;Baahubali: The Beginning;2015
2474;David Skato's I Am Woman;2012
2475;Ted 2;2015
2476;Star Trek Beyond;2016
2477;Me Before You;2016
2478;Night at the Museum: Secret of the Tomb;2014
2479;The Secret Life of Pets;2016
2480;Backstreet Boys: Show 'Em What You're Made Of;2015
2481;Fury;2014
2482;Everest;2015
2483;Deux jours, une nuit;2014
2484;Zhi wo men zhong jiang shi qu de qing chun;2013
2485;Pete's Dragon;2016
2486;Maryan;2013
2487;The Pyramid;2014
2488;Qu'est-ce qu'on a fait au Bon Dieu?;2014
2489;Kingsman: The Secret Service;2014
2490;Furious Seven;2015
2491;Mike and Dave Need Wedding Dates;2016
2492;A Haunted House 2;2014
2493;Pitch Perfect 2;2015
2494;Omar;2013
2495;Ride Along 2;2016
2496;Wish I Was Here;2014
2497;Nightcrawler;2014
2498;Shaun the Sheep Movie;2015
2499;Ethir Neechal;2013
2500;Soodhu Kavvum;2013
2501;Chef;2014
2502;Macbeth;2015
2503;Yip Man 3;2015
2504;Insurgent;2015
2505;Le dernier loup;2015
2506;John Wick;2014
2507;God's Pocket;2014
2508;Dehorokkhi: The Bodyguard;2013
2509;Spirit in the Woods;2014
2510;Zootopia;2016
2511;Ocho apellidos vascos;2014
2512;Alvin and the Chipmunks: The Road Chip;2015
2513;The Purge: Anarchy;2014
2514;Batman v Superman: Dawn of Justice;2016
2515;The Theory of Everything;2014
2516;The Hundred-Foot Journey;2014
2517;Planes: Fire & Rescue;2014
2518;Fack ju Göhte;2013
2519;Mandariinid;2013
2520;The Water Diviner;2014
2521;Relatos salvajes;2014
2522;The Jungle Book;2016
2523;Young Malang;2013
2524;Xiao shi dai;2013
2525;Mortdecai;2015
2526;Bad Grandpa;2013
2527;The Conjuring 2;2016
2528;Sole a catinelle;2013
2529;Love & Friendship;2016
2530;Silence Speaks;2013
2531;Nisshartho Bhalobasha: What is Love!;2013
2532;Creed;2015
2533;Spy;2015
2534;Xiao shi dai 2: Qing mu shi dai;2013
2535;Now You See Me 2;2016
2536;Mantus;2014
2537;Yolki 3;2013
2538;Trainwreck;2015
2539;Justin Bieber's Believe;2013
2540;Hudugaata;2007
2541;Insidious: Chapter 3;2015
2542;Raja Rani;2013
2543;Son of God;2014
2544;Varuthapadatha Valibar Sangam;2013
2545;It Follows;2014
2546;L'orchestre de minuit;2015
2547;Creative Control;2015
2548;London Has Fallen;2016
2549;Marlow Briggs and the Mask of Death;2013
2550;Living Legends;2014
2551;Still Alice;2014
2552;Stand by Me Doraemon;2014
2553;Pan;2015
2554;Pixel Poetry: A Film About Games, Art, Society, and Culture;2014
2555;X-Men: Apocalypse;2016
2556;Sicario;2015
2557;Byeon-ho-in;2013
2558;Allegiant;2016
2559;Ice Age: Collision Course;2016
2560;Drishyam;2013
2561;Paul Blart: Mall Cop 2;2015
2562;Jalaibee;2015
2563;The Hateful Eight;2015
2564;The Lobster;2015
2565;Captain America: Civil War;2016
2566;Pijnstillers;2014
2567;Nerve;2016
2568;Myeong-ryang;2014
2569;La famille Bélier;2014
2570;Anjaan;2014
2571;The Martian;2015
2572;Tian jiang xiong shi;2015
2573;Bridge of Spies;2015
2574;The BFG;2016
2575;The Cool Kids;2016
2576;Bajirao Mastani;2015
2577;Astérix: Le domaine des dieux;2014
2578;My Big Fat Greek Wedding 2;2016
2579;The Nice Guys;2016
2580;Puli;2015
2581;Jing Cheng 81 Hao;2014
2582;Croenoak;2015
2583;The Anatomy of a Great Deception;2014
2584;New York City Finest;2014
2585;Ich bin dann mal weg;2015
2586;Warrior Princess;2014
2587;Teenage Mutant Ninja Turtles: Out of the Shadows;2016
2588;My Old Classmate;2014
2589;Mustang;2015
2590;De Masters;2015
2591;Swiss Army Man;2016
2592;Maze Runner: The Scorch Trials;2015
2593;The Shallows;2016
2594;Core of Corruption: In the Shadows;2009
2595;The Purge: Election Year;2016
2596;MSG: The Messenger;2015
2597;Florence Foster Jenkins;2016
2598;13 Hours;2016
2599;Jason Bourne;2016
2600;Yennai Arindhaal;2015
2601;The Ghouls;2015
2602;Airlift;2016
2603;Udta Punjab;2016
2604;Brasserie Valentijn;2016
2605;Unbreakable Souls;2015
2606;Café Society;2016
2607;Xi you ji zhi: Sun Wukong san da Baigu Jing;2016
2608;Bad Moms;2016
2609;Fifty Shades of Black;2016
2610;Mei ren yu;2016
2611;Jian Bing Man;2015
2612;A Chinese Odyssey: Part Three;2016
2613;Baaghi;2016
2614;Ennu Ninte Moideen;2015
2615;Vedalam;2015
2616;JFK: The Life and Legacy;2013
2617;The Montagnards;2014
2618;The Dates;2015
2619;Feng shen bang;2016
2620;November the Third;2014
2621;Busanhaeng;2016
2622;Mumbai Fear;2016
2623;Exploring Deception Pass State Park & Naval Air Station Whidey Island, Snowgoose Icecream;2016
