MID;TITLE;YEAR;GENRES
1733;(500) Days of Summer;2009;Comedy,Drama,Romance,
1363;10,000 BC;2008;Drama,History,Adventure,Action,Fantasy,
635;102 Dalmatians;2000;Comedy,Adventure,Family,
2336;12 Years a Slave;2013;Drama,History,Biography,
2092;127 Hours;2010;Drama,Adventure,Biography,Thriller,
996;13 Going on 30;2004;Comedy,Romance,Fantasy,
1387;1408;2007;Horror,
1705;17 Again;2009;Comedy,Drama,Romance,Fantasy,
949;2 Fast 2 Furious;2003;Action,Thriller,Crime,
1923;2 Guns;2013;Comedy,Drama,Action,Thriller,Crime,
1480;21;2008;Drama,Biography,Crime,
2217;21 & Over;2013;Comedy,
1897;21 Jump Street;2012;Comedy,Action,Crime,
2407;22 Jump Street;2014;Comedy,Action,Crime,
1715;27 Dresses;2008;Comedy,Romance,
599;28 Days;2000;Comedy,Drama,
845;28 Days Later...;2002;Horror,
1436;28 Weeks Later;2007;Horror,Sci_Fi,
2367;3 Days to Kill;2014;Drama,Action,Thriller,
1847;3 Idiots;2009;Comedy,Drama,
1185;30 Days of Night;2007;Horror,Thriller,
1275;300;2006;War,Action,Fantasy,
1912;300: Rise of an Empire;2014;Drama,War,Action,Fantasy,
699;40 Days and 40 Nights;2002;Comedy,Romance,
1965;47 Ronin;2013;Drama,Adventure,Action,Fantasy,
1509;4: Rise of the Silver Surfer;2007;Adventure,Sci_Fi,Action,Fantasy,Thriller,
1019;50 First Dates;2004;Comedy,Romance,
1944;50/50;2011;Comedy,Drama,
2163;7 Khoon Maaf;2011;Drama,Mystery,Thriller,
868;8 Mile;2002;Drama,Music,
787;A Beautiful Mind;2001;Drama,Biography,
2094;A Better Life;2011;Drama,
1768;A Christmas Carol;2009;Drama,Animation,Family,Fantasy,
1041;A Cinderella Story;2004;Comedy,Family,Romance,
2141;A Good Day to Die Hard;2013;Action,Thriller,Crime,
2394;A Haunted House;2013;Comedy,Horror,
2492;A Haunted House 2;2014;Comedy,Horror,
1053;A Home at the End of the World;2004;Drama,Romance,
579;A Knight's Tale;2001;Adventure,Action,Romance,
773;A Man Apart;2003;Drama,Action,Thriller,Crime,
1608;A Mighty Heart;2007;Drama,History,War,Biography,Thriller,
2461;A Million Ways to Die in the West;2014;Comedy,Western,
2315;A Most Wanted Man;2014;Drama,Thriller,Crime,
1840;A Nightmare on Elm Street;2010;Horror,Mystery,Thriller,
1230;A Scanner Darkly;2006;Animation,Sci_Fi,Thriller,
938;A Sound of Thunder;2005;Horror,Adventure,Sci_Fi,Action,Thriller,
1108;AVP: Alien vs. Predator;2004;Adventure,Sci_Fi,Action,Thriller,
1544;AVPR: Aliens vs Predator - Requiem;2007;Horror,Sci_Fi,Action,Thriller,
2061;Aadhavan;2009;Action,
2075;Aayirathil Oruvan;2010;History,Adventure,Fantasy,Mystery,Thriller,
779;Abandon;2002;Drama,Romance,Mystery,Thriller,Music,
745;About Schmidt;2002;Comedy,Drama,
805;About a Boy;2002;Comedy,Drama,Romance,
2145;Abraham Lincoln: Vampire Hunter;2012;Horror,Action,Fantasy,Thriller,
1165;Accepted;2006;Comedy,
1369;Across the Universe;2007;Drama,Romance,Musical,Fantasy,
2122;Act of Valor;2012;War,Action,Thriller,
1794;Admiral;2008;Drama,History,War,Biography,
1719;Adventure Scouts;2010;Comedy,Adventure,Family,Action,Sport,Fantasy,Mystery,
2258;After Earth;2013;Adventure,Sci_Fi,Action,
1088;After the Sunset;2004;Comedy,Drama,Action,Crime,
1618;After.Life;2009;Drama,Horror,Mystery,Thriller,
916;Against the Ropes;2004;Drama,Biography,Romance,Sport,
921;Agent Cody Banks;2003;Comedy,Adventure,Family,Action,Romance,Thriller,Crime,
1846;Agora;2009;Drama,History,Adventure,Romance,
1192;Alatriste;2006;Drama,History,War,Adventure,Romance,Thriller,
2136;Albert Nobbs;2011;Drama,
2218;Alex Cross;2012;Action,Mystery,Thriller,Crime,
1026;Alexander;2004;Drama,History,War,Adventure,Biography,Action,Romance,
2210;Alexander and the Terrible, Horrible, No Good, Very Bad Day;2014;Comedy,Family,
1131;Alfie;2004;Comedy,Drama,Romance,
714;Ali;2001;Drama,Biography,Sport,
1562;Aliens in the Attic;2009;Comedy,Adventure,Sci_Fi,Family,Fantasy,
2332;All Is Lost;2013;Drama,Adventure,Action,
498;All the Pretty Horses;2000;Drama,Romance,Western,
573;Almost Famous;2000;Drama,Romance,Music,
1018;Along Came Polly;2004;Comedy,Romance,
533;Along Came a Spider;2001;Thriller,
763;America's Sweethearts;2001;Comedy,Romance,
1443;American Dreamz;2006;Comedy,Music,
1555;American Gangster;2007;Drama,Biography,Crime,
2255;American Hustle;2013;Drama,Crime,
700;American Outlaws;2001;Action,Western,
731;American Pie 2;2001;Comedy,Romance,
482;American Psycho;2000;Drama,Horror,
2139;American Reunion;2012;Comedy,
2370;American Sniper;2014;Drama,History,War,Biography,Action,Thriller,
974;American Wedding;2003;Comedy,Romance,
2138;Amour;2012;Drama,Romance,
1317;An American Haunting;2005;Horror,Mystery,Thriller,
729;An American Reunion;2003;Comedy,Drama,Romance,
1037;An Unfinished Life;2005;Drama,
1083;Anacondas: The Hunt for the Blood Orchid;2004;Horror,Adventure,Thriller,
847;Analyze That;2002;Comedy,Crime,
1891;Anchorman 2: The Legend Continues;2013;Comedy,
1047;Anchorman: The Legend of Ron Burgundy;2004;Comedy,
1588;Angels & Demons;2009;Mystery,Thriller,
890;Anger Management;2003;Comedy,
1946;Animal Kingdom;2010;Drama,Thriller,Crime,
2570;Anjaan;2014;Drama,Action,Romance,
1279;Annapolis;2006;Drama,Romance,Sport,
2266;Annie;2014;Comedy,Drama,Family,Musical,
2027;Another Year;2010;Comedy,Drama,
1484;Ant-Man;2015;Adventure,Sci_Fi,Action,
652;Antitrust;2001;Drama,Thriller,Crime,
1463;Apocalypto;2006;Drama,Adventure,Action,Thriller,
795;Arachnid;2001;Horror,Adventure,Sci_Fi,
1095;Are We There Yet?;2005;Comedy,Adventure,Family,Romance,
1736;Argo;2012;Drama,History,Thriller,
1668;Armored;2009;Action,Thriller,Crime,
966;Around the World in 80 Days;2004;Comedy,Adventure,Action,
2460;Arrambam;2013;Drama,Action,Mystery,Thriller,
1678;Arthur 3: la guerre des deux mondes;2010;Animation,Adventure,Family,Fantasy,
2024;Arthur Christmas;2011;Comedy,Drama,Animation,Family,
641;Artificial Intelligence: AI;2001;Drama,Adventure,Sci_Fi,
2130;Astérix & Obélix: Au service de sa Majesté;2012;Comedy,Adventure,Family,
718;Astérix & Obélix: Mission Cléopâtre;2002;Comedy,Adventure,Family,Fantasy,
1437;Astérix aux jeux olympiques;2008;Comedy,Adventure,Family,Fantasy,
2577;Astérix: Le domaine des dieux;2014;Comedy,Animation,Adventure,Family,
1566;Atonement;2007;Drama,War,Romance,Mystery,
1956;August: Osage County;2013;Drama,
861;Austin Powers in Goldmember;2002;Comedy,Sci_Fi,Action,Crime,
1411;Australia;2008;Drama,War,Adventure,Romance,
557;Autumn in New York;2000;Drama,
1542;Avatar;2009;Adventure,Sci_Fi,Action,Fantasy,
2436;Avengers: Age of Ultron;2015;Adventure,Sci_Fi,Action,
638;Awake;2007;Mystery,Thriller,Crime,
1524;Away from Her;2006;Drama,
2380;Baadshah;2013;Comedy,Action,
1077;Babylon A.D.;2008;Adventure,Sci_Fi,Action,Thriller,
2296;Bachelorette;2012;Comedy,Romance,
553;Bad Boys II;2003;Comedy,Action,Thriller,Crime,
819;Bad Company;2002;Comedy,Adventure,Action,Thriller,
1247;Bad News Bears;2005;Comedy,Family,Sport,
898;Bad Santa;2003;Comedy,Drama,Crime,
1929;Bad Teacher;2011;Comedy,
658;Bandits;2001;Comedy,Drama,Romance,Crime,
885;Barbershop;2002;Comedy,Drama,
997;Barbershop 2: Back in Business;2004;Comedy,Drama,
2344;Barfi!;2012;Comedy,Drama,Adventure,Romance,
759;Basic;2003;Drama,Action,Mystery,Thriller,Crime,
1325;Basic Instinct 2;2006;Drama,Mystery,Thriller,
1116;Batman Begins;2005;Adventure,Action,Fantasy,Thriller,Crime,
1879;Battle Los Angeles;2011;Sci_Fi,Action,
2083;Battle of the Year;2013;Music,
582;Battlefield Earth;2000;Adventure,Sci_Fi,Action,
1140;Be Cool;2005;Comedy,Music,Crime,
1828;Beastly;2011;Drama,Romance,Fantasy,
2360;Beasts of the Southern Wild;2012;Drama,Fantasy,
2096;Beautiful Creatures;2013;Drama,Romance,Fantasy,
1276;Becoming Jane;2007;Drama,Biography,Romance,
669;Bedazzled;2000;Comedy,Romance,Fantasy,
1692;Bedtime Stories;2008;Comedy,Family,Romance,Fantasy,
1186;Bee Movie;2007;Comedy,Animation,Adventure,Family,
1177;Bee Season;2005;Drama,
1508;Beerfest;2006;Comedy,
2381;Before Midnight;2013;Drama,Romance,
2082;Beginners;2010;Comedy,Drama,Romance,
512;Behind Enemy Lines;2001;Drama,War,Action,Thriller,
2440;Belle;2013;Drama,Romance,
2416;Belyy tigr;2012;War,Adventure,Action,Fantasy,
838;Bend It Like Beckham;2002;Comedy,Drama,Romance,Sport,
2017;Beneath Hill 60;2010;Drama,History,War,
2242;Beneath the Darkness;2011;Horror,Thriller,
818;Better Luck Tomorrow;2002;Drama,Romance,Crime,
1729;Beverly Hills Chihuahua;2008;Comedy,Drama,Adventure,Family,Romance,
1128;Bewitched;2005;Comedy,Romance,Fantasy,
1069;Beyond the Sea;2004;Drama,Biography,Musical,Music,
1767;Bienvenue chez les Ch'tis;2008;Comedy,Romance,
943;Big Fish;2003;Drama,Adventure,Fantasy,
2396;Big Hero 6;2014;Comedy,Animation,Adventure,Sci_Fi,Family,Action,
625;Big Momma's House;2000;Comedy,Action,Crime,
1297;Big Momma's House 2;2006;Comedy,Crime,
2052;Big Mommas: Like Father, Like Son;2011;Comedy,Action,Crime,
1671;Billa;2007;Action,Romance,Thriller,
715;Billy Elliot;2000;Comedy,Drama,Music,
1000;Birth;2004;Drama,Romance,Mystery,Thriller,
764;Black Hawk Down;2001;Drama,History,War,Thriller,
1429;Black Snake Moan;2006;Drama,Music,
1683;Black Swan;2010;Drama,Thriller,
1052;Blade: Trinity;2004;Horror,Adventure,Sci_Fi,Action,Fantasy,Thriller,
1370;Blades of Glory;2007;Comedy,Sport,
1785;Blended;2014;Comedy,Romance,
1651;Blonde Ambition;2007;Comedy,Romance,
1661;Blonde and Blonder;2007;Comedy,Crime,
1384;Blood Diamond;2006;Drama,Adventure,Thriller,
1159;BloodRayne;2005;Horror,Adventure,Action,Fantasy,
661;Blow;2001;Drama,Biography,Crime,
876;Blue Crush;2002;Drama,Romance,Sport,
2421;Blue Jasmine;2013;Drama,Romance,
1803;Blue Valentine;2010;Drama,Romance,
1505;Bo bui gai wak;2006;Comedy,Drama,Action,
833;Boat Trip;2002;Comedy,
899;Bobby;2006;Drama,History,
1548;Body of Lies;2008;Drama,Action,Thriller,
1206;Bolt;2008;Comedy,Animation,Adventure,Family,
1488;Bon Cop, Bad Cop;2006;Comedy,Action,Thriller,Crime,
1048;Boogeyman;2005;Drama,Horror,Mystery,Thriller,
667;Book of Shadows: Blair Witch 2;2000;Horror,Adventure,Mystery,Thriller,
1359;Borat: Cultural Learnings of America for Make Benefit Glorious Nation of Kazakhstan;2006;Comedy,
1371;Bordertown;2006;Drama,Mystery,Thriller,Crime,
909;Bowling for Columbine;2002;Documentary,
616;Boys and Girls;2000;Comedy,Drama,Romance,
1877;Brave;2012;Comedy,Animation,Adventure,Family,Fantasy,
1663;Bride Wars;2009;Comedy,Romance,
2573;Bridge of Spies;2015;Drama,History,Biography,Thriller,
1210;Bridge to Terabithia;2007;Drama,Adventure,Family,Fantasy,
697;Bridget Jones's Diary;2001;Comedy,Drama,Romance,
930;Bridget Jones: The Edge of Reason;2004;Comedy,Drama,Romance,
618;Bring It On;2000;Comedy,Sport,
892;Bringing Down the House;2003;Comedy,
1183;Brokeback Mountain;2005;Drama,Romance,
1258;Broken Flowers;2005;Comedy,Drama,Romance,Mystery,
2448;Bronies: The Extremely Unexpected Adult Fans of My Little Pony;2012;Documentary,
975;Brother Bear;2003;Comedy,Animation,Adventure,Family,Fantasy,
926;Bruce Almighty;2003;Comedy,Drama,Fantasy,
1654;Brüno;2009;Comedy,
706;Bulletproof Monk;2003;Comedy,Action,Fantasy,
2049;Buried;2010;Drama,Romance,Mystery,Thriller,
1951;Burke and Hare;2010;Comedy,Thriller,
1652;Burn After Reading;2008;Comedy,Drama,Crime,
1520;Butterfly on a Wheel;2007;Drama,Thriller,Crime,
2557;Byeon-ho-in;2013;Drama,
886;Cabin Fever;2002;Comedy,Horror,
1001;Calendar Girls;2003;Comedy,Drama,
1423;Captain America: The First Avenger;2011;Adventure,Sci_Fi,Action,
2275;Captain America: The Winter Soldier;2014;Adventure,Sci_Fi,Action,
683;Captain Corelli's Mandolin;2001;Drama,War,Romance,Music,
2085;Captain Phillips;2013;Drama,Biography,Thriller,
2207;Carnage;2011;Comedy,Drama,Horror,Action,
2303;Carrie;2013;Drama,Horror,
1875;Cars 2;2011;Comedy,Animation,Adventure,Family,Sport,
1150;Casino Royale;2006;Adventure,Action,Thriller,
522;Cast Away;2000;Drama,Adventure,
760;Catch Me If You Can;2002;Drama,Biography,Crime,
686;Cats & Dogs;2001;Comedy,Family,Action,Fantasy,
1931;Cats & Dogs: The Revenge of Kitty Galore;2010;Comedy,Family,Action,Fantasy,
967;Catwoman;2004;Action,
1903;Celda 211;2009;Drama,Action,Thriller,
1002;Cellular;2004;Drama,Action,Thriller,Crime,
1732;Centurion;2010;Drama,History,War,Adventure,Action,Thriller,
1604;Changeling;2008;Drama,History,Mystery,Thriller,
761;Changing Lanes;2002;Drama,Thriller,
2267;Chappie;2015;Sci_Fi,Action,Thriller,Crime,
2030;Charlie St. Cloud;2010;Drama,Romance,Fantasy,
1464;Charlie Wilson's War;2007;Comedy,Drama,History,Biography,
514;Charlie's Angels;2000;Comedy,Adventure,Action,Thriller,Crime,
891;Charlie's Angels: Full Throttle;2003;Comedy,Adventure,Action,Crime,
2388;Chashme Baddoor;2013;Comedy,Drama,
1225;Chasing Ghosts;2005;Drama,Mystery,Thriller,Crime,
1031;Cheaper by the Dozen;2003;Comedy,Family,
1391;Cheaper by the Dozen 2;2005;Comedy,Adventure,Family,
2501;Chef;2014;Comedy,Drama,Adventure,
2326;Chernobyl Diaries;2012;Horror,Mystery,Thriller,
1311;Chi bi;2008;Drama,History,War,Adventure,Action,
1962;Chi bi Part II: Jue zhan tian xia;2009;Drama,History,War,Action,
872;Chicago;2002;Comedy,Musical,Crime,
1901;Chico & Rita;2010;Animation,Romance,Music,
1728;Child 44;2015;Drama,Thriller,
623;Children of Men;2006;Drama,Sci_Fi,Thriller,
691;Chocolat;2000;Drama,Romance,
1737;Choke;2008;Comedy,Drama,
1181;Christmas with the Kranks;2004;Comedy,Family,
2214;Chronicle;2012;Drama,Sci_Fi,Thriller,
932;Cidade de Deus;2002;Drama,Crime,
1039;Cinderella Man;2005;Drama,Biography,Sport,
1701;City of Ember;2008;Adventure,Sci_Fi,Family,Fantasy,
1187;Click;2006;Comedy,Drama,Romance,Fantasy,
1981;Cloud Atlas;2012;Drama,Sci_Fi,
2325;Cloudy with a Chance of Meatballs 2;2013;Comedy,Animation,Family,Fantasy,
1766;Cloverfield;2008;Horror,Adventure,Sci_Fi,
513;Cold Mountain;2003;Drama,History,War,Romance,
1102;Collateral;2004;Drama,Thriller,Crime,
674;Collateral Damage;2002;Drama,Action,Thriller,
2187;Colombiana;2011;Drama,Action,Thriller,Crime,
1596;Conan the Barbarian;2011;Adventure,Action,Fantasy,
1059;Confessions of a Teenage Drama Queen;2004;Comedy,Family,Romance,Music,
910;Confidence;2003;Thriller,Crime,
2131;Contagion;2011;Drama,Sci_Fi,Thriller,
2079;Contraband;2012;Drama,Action,Thriller,Crime,
1294;Control;2007;Drama,Biography,Music,
1339;Conversations with Other Women;2005;Comedy,Drama,Romance,
1985;Cop Out;2010;Comedy,Action,Crime,
428;Corpse Bride;2005;Animation,Romance,Musical,Fantasy,
2058;Cosmopolis;2012;Drama,Thriller,
2095;Country Strong;2010;Drama,Music,
1781;Couples Retreat;2009;Comedy,
1252;Cowboys & Aliens;2011;Sci_Fi,Action,Thriller,Western,
611;Coyote Ugly;2000;Comedy,Drama,Romance,Music,
895;Cradle 2 the Grave;2003;Drama,Action,Thriller,Crime,
1804;Crank: High Voltage;2009;Action,Thriller,Crime,
2110;Crazy, Stupid, Love.;2011;Comedy,Drama,Romance,
1193;Crimen ferpecto;2004;Comedy,Thriller,Crime,
671;Crocodile Dundee in Los Angeles;2001;Comedy,Adventure,
1162;Cry_Wolf;2005;Drama,Horror,Mystery,Thriller,
515;D-Tox;2002;Horror,Mystery,Thriller,Crime,
1118;D-War;2007;Drama,Horror,Action,Fantasy,Thriller,
2154;Dabangg;2010;Comedy,Action,Romance,Thriller,Crime,
933;Daddy Day Care;2003;Comedy,Family,
1570;Dallas Buyers Club;2013;Drama,Biography,
1493;Dan in Real Life;2007;Comedy,Drama,Romance,
548;Dancer in the Dark;2000;Drama,Musical,Crime,
842;Daredevil;2003;Sci_Fi,Action,Fantasy,Thriller,Crime,
2438;Dark Places;2015;Drama,Mystery,Thriller,
1778;Dark Shadows;2012;Comedy,Short,Drama,Horror,
1154;Dark Water;2005;Drama,Horror,Thriller,
797;Darkness;2002;Horror,
826;Darkness Falls;2003;Horror,Mystery,Thriller,
1228;Das Leben der Anderen;2006;Drama,Thriller,
1489;Dasavatharam;2008;Drama,Adventure,Action,Thriller,
1452;Date Movie;2006;Comedy,Romance,
1927;Date Night;2010;Comedy,Adult,Romance,Thriller,Crime,
1070;Dawn of the Dead;2004;Horror,Sci_Fi,Action,Thriller,
2352;Dawn of the Planet of the Apes;2014;Drama,Sci_Fi,Action,Thriller,
1514;Day of the Dead;2008;Horror,Action,
1334;Daybreakers;2009;Horror,Sci_Fi,Action,Thriller,
2341;De rouille et d'os;2012;Drama,Romance,
1410;Dead Silence;2007;Horror,Mystery,Thriller,
1392;Death Race;2008;Sci_Fi,Action,Thriller,
1631;Death of a President;2006;Drama,Mystery,Thriller,Crime,
1398;Deja Vu;2006;Sci_Fi,Action,Thriller,
2432;Deliver Us from Evil;2014;Horror,Mystery,Thriller,
2435;Delivery Man;2013;Comedy,Drama,
2278;Den skaldede frisør;2012;Comedy,Romance,
1068;Der Untergang;2004;Drama,War,Biography,
2205;Despicable Me 2;2013;Comedy,Animation,Family,
2483;Deux jours, une nuit;2014;Drama,
1948;Devil;2010;Drama,Horror,Mystery,Thriller,
1298;Dhoom;2004;Adventure,Action,Thriller,
1351;Dhoom:2;2006;Action,Thriller,
1805;Di Renjie: Tong tian di guo;2010;Drama,Adventure,Action,Fantasy,Mystery,
1299;Diary of a Mad Black Woman;2005;Comedy,Drama,Romance,
1857;Diary of a Wimpy Kid;2010;Comedy,Family,
2333;Diary of a Wimpy Kid: Dog Days;2012;Comedy,Family,
2180;Diary of a Wimpy Kid: Rodrick Rules;2011;Comedy,Family,
1629;Diary of the Dead;2007;Horror,
1947;Did You Hear About the Morgans?;2009;Comedy,Drama,Romance,
708;Die Another Day;2002;Adventure,Action,Thriller,
1425;Die Päpstin;2009;Drama,Romance,
754;Digimon: The Movie;2000;Animation,Adventure,Sci_Fi,Family,Action,
1005;Dirty Dancing: Havana Nights;2004;Drama,Romance,
878;Dirty Pretty Things;2002;Drama,Thriller,Crime,
1872;Disaster Movie;2008;Comedy,
1821;District 9;2009;Sci_Fi,Action,Thriller,
1513;Disturbia;2007;Drama,Mystery,Thriller,
2273;Divergent;2014;Adventure,Sci_Fi,Mystery,
815;Divine Secrets of the Ya-Ya Sisterhood;2002;Drama,
2277;Django Unchained;2012;Western,
1076;Dodgeball: A True Underdog Story;2004;Comedy,Sport,
806;Dogville;2003;Drama,Thriller,Crime,
2101;Dolphin Tale;2011;Drama,Family,
716;Domestic Disturbance;2001;Mystery,Thriller,Crime,
1293;Domino;2005;Drama,Biography,Action,Thriller,Crime,
2387;Don Jon;2013;Comedy,Drama,Romance,
755;Don't Say a Word;2001;Drama,Mystery,Thriller,Crime,
1287;Doom;2005;Horror,Sci_Fi,Action,Thriller,
672;Down to Earth;2001;Comedy,Fantasy,
903;Down with Love;2003;Comedy,Romance,
687;Dr. Dolittle 2;2001;Comedy,Family,Romance,Fantasy,
655;Dracula 2000;2000;Horror,Thriller,
2276;Dracula 3D;2012;Horror,Romance,Thriller,
1607;Dracula Untold;2014;Drama,War,Horror,Action,Fantasy,
1808;Drag Me to Hell;2009;Horror,Thriller,
1792;Dragonball Evolution;2009;Adventure,Sci_Fi,Action,Fantasy,Thriller,
750;Dragonfly;2002;Drama,Romance,Fantasy,Mystery,Thriller,
834;Dreamcatcher;2003;Drama,Horror,Sci_Fi,Thriller,
1360;Dreamgirls;2006;Drama,Musical,Music,
1971;Dredd;2012;Sci_Fi,Action,
2560;Drishyam;2013;Drama,Thriller,Crime,
584;Drowning Mona;2000;Comedy,Mystery,Crime,
693;Dude, Where's My Car?;2000;Comedy,
1894;Due Date;2010;Comedy,
2349;Dumb and Dumber To;2014;Comedy,
976;Dumb and Dumberer: When Harry Met Lloyd;2003;Comedy,
594;Dungeons & Dragons;2000;Comedy,Adventure,Action,Fantasy,
1236;Dungeons & Dragons: Wrath of the Dragon God;2005;Adventure,Action,Fantasy,
774;Duplex;2003;Comedy,
1818;Duplicity;2009;Romance,Thriller,Crime,
1926;Død snø;2009;Comedy,Horror,
1765;Eagle Eye;2008;Action,Mystery,Thriller,
1190;Earth;2007;Documentary,
1928;Easy A;2010;Comedy,Romance,
1646;Eat Pray Love;2010;Drama,Romance,
1887;Edge of Darkness;2010;Drama,Mystery,Thriller,Crime,
2164;Edge of Tomorrow;2014;Adventure,Sci_Fi,Action,
1203;Eight Below;2006;Drama,Adventure,Family,
794;Eight Legged Freaks;2002;Comedy,Horror,Sci_Fi,Action,Thriller,
1170;El Lobo;2004;Thriller,
1419;El laberinto del fauno;2006;Drama,War,Fantasy,
1441;El orfanato;2007;Drama,Mystery,Thriller,
1942;El secreto de sus ojos;2009;Drama,Mystery,Thriller,
1046;Elektra;2005;Drama,Action,Musical,Fantasy,Thriller,Crime,
1071;Elephant;2003;Drama,Thriller,Crime,
945;Elf;2003;Comedy,Family,Romance,Fantasy,
1096;Elizabethtown;2005;Comedy,Drama,Romance,
969;Ella Enchanted;2004;Comedy,Family,Romance,Fantasy,
2197;Elle s'appelait Sarah;2010;Drama,War,
1428;Enchanted;2007;Comedy,Animation,Family,Romance,Musical,Fantasy,
2280;End of Watch;2012;Drama,Thriller,Crime,
2225;Ender's Game;2013;Sci_Fi,Action,
646;Enemy at the Gates;2001;Drama,History,War,Romance,Thriller,
2614;Ennu Ninte Moideen;2015;Drama,Romance,
1941;Enthiran;2010;Sci_Fi,Action,Romance,
2200;Entourage;2015;Comedy,
1628;Epic;2013;Animation,Adventure,Family,Fantasy,
1576;Epic Movie;2007;Comedy,Adventure,
684;Equilibrium;2002;Drama,Sci_Fi,Action,Thriller,
603;Erin Brockovich;2000;Drama,Biography,
2259;Ernest et Célestine;2012;Comedy,Drama,Animation,Family,
1868;Escape Plan;2013;Action,Mystery,Thriller,
1556;Escape from Planet Earth;2013;Comedy,Animation,Adventure,Sci_Fi,Family,
1260;Evan Almighty;2007;Comedy,Family,Fantasy,
2482;Everest;2015;Drama,History,Adventure,Biography,Thriller,
1932;Evil Dead;2013;Horror,
723;Evolution;2001;Comedy,Sci_Fi,Adult,
1461;Ex Machina;2015;Drama,Sci_Fi,Mystery,
694;Exit Wounds;2001;Comedy,Drama,Action,Thriller,Crime,
2080;Exodus: Gods and Kings;2014;Drama,Adventure,Action,
617;Exorcist: The Beginning;2004;Horror,Mystery,Thriller,
1477;Extremely Loud & Incredibly Close;2011;Drama,Adventure,Mystery,
2518;Fack ju Göhte;2013;Comedy,
1332;Factory Girl;2006;Drama,Biography,
1060;Fahrenheit 9/11;2004;Documentary,
1312;Failure to Launch;2006;Comedy,Romance,
1730;Fame;2009;Comedy,Drama,Romance,Musical,
1516;Fanboys;2009;Comedy,Drama,Adventure,
2070;Fantastic Four;2015;Adventure,Sci_Fi,Action,
1330;Fantastic Mr. Fox;2009;Comedy,Animation,Adventure,Crime,
1727;Fast & Furious;2009;Drama,Action,Thriller,Crime,
2125;Fast Five;2011;Action,Thriller,Crime,
1199;Fat Albert;2004;Comedy,Family,Romance,Fantasy,
2417;Fifty Shades of Grey;2015;Drama,Romance,
604;Final Destination;2000;Horror,Thriller,
904;Final Destination 2;2003;Horror,Thriller,
1265;Final Destination 3;2006;Horror,Thriller,
2157;Final Destination 5;2011;Horror,Thriller,
556;Final Fantasy: The Spirits Within;2001;Animation,Adventure,Sci_Fi,Action,Romance,Fantasy,
1288;Find Me Guilty;2006;Comedy,Drama,Biography,Crime,
569;Finding Forrester;2000;Drama,
902;Finding Neverland;2004;Drama,Biography,Family,
1693;Fireflies in the Garden;2008;Drama,
1809;Fireproof;2008;Drama,Romance,
1246;Firewall;2006;Thriller,Crime,
1282;Flags of Our Fathers;2006;Drama,History,War,
1672;Flammen & Citronen;2008;Drama,History,War,Thriller,
1876;Flickan som lekte med elden;2009;Drama,Mystery,Thriller,Crime,
1137;Flight of the Phoenix;2004;Drama,Adventure,Action,Thriller,
1248;Flightplan;2005;Drama,Action,Mystery,Thriller,
1507;Fly Me to the Moon;2008;Animation,Adventure,Family,
1400;Flyboys;2006;Drama,History,War,Adventure,Action,Romance,
1771;Footloose;2011;Comedy,Drama,Romance,Music,
2104;For Greater Glory: The True Story of Cristiada;2012;Drama,History,War,
2327;Force;2011;Drama,Action,Romance,Thriller,Crime,
1577;Forgetting Sarah Marshall;2008;Comedy,Drama,Romance,
1319;Four Brothers;2005;Drama,Action,Mystery,Thriller,Crime,
1103;Four Christmases;2008;Comedy,Drama,Romance,
1793;Foxcatcher;2014;Drama,Biography,Sport,
1825;Frankenweenie;2012;Comedy,Animation,Horror,Sci_Fi,Family,
950;Freaky Friday;2003;Comedy,Family,Fantasy,
1510;Fred Claus;2007;Comedy,Family,Fantasy,
977;Freddy vs. Jason;2003;Horror,Thriller,
2155;Free Birds;2013;Comedy,Animation,Adventure,Family,
1352;Free Zone;2005;Comedy,Drama,
1439;Freedom Writers;2007;Drama,Biography,Crime,
585;Frequency;2000;Drama,Sci_Fi,Thriller,Crime,
388;Frida;2002;Drama,Biography,Romance,
1545;Friday the 13th;2009;Horror,
389;From Hell;2001;Horror,Mystery,Thriller,
1839;From Paris with Love;2010;Action,Thriller,
1707;Frozen River;2008;Drama,Crime,
2191;Fun Size;2012;Comedy,Adventure,
1104;Fun with Dick and Jane;2005;Comedy,Crime,
1860;Funny People;2009;Comedy,Drama,
1300;Fur: An Imaginary Portrait of Diane Arbus;2006;Drama,Biography,Romance,
2292;Furious 6;2013;Action,Thriller,Crime,
2490;Furious Seven;2015;Action,Thriller,Crime,
2481;Fury;2014;Drama,War,Action,
2116;G.I. Joe: Retaliation;2013;Adventure,Sci_Fi,Action,Thriller,
1161;G.O.R.A.;2004;Comedy,Adventure,Sci_Fi,
2410;Gabbar Singh;2012;Comedy,Action,
1643;Gake no ue no Ponyo;2008;Animation,Family,Fantasy,
1747;Gamer;2009;Sci_Fi,Action,Thriller,
648;Gangs of New York;2002;Drama,History,Crime,
1955;Gangster Squad;2013;Drama,Action,Thriller,Crime,
988;Garden State;2004;Comedy,Drama,Romance,
1407;Garfield: A Tail of Two Kitties;2006;Comedy,Family,Fantasy,
1642;Gekijouban Poketto monsutâ Adobansu jenerêshon: Myuu to hadou no yuusha Rukario;2005;Animation,Adventure,Family,Action,Fantasy,
1338;Gekijouban Poketto monsutâ Adobansu jenerêshon: Rekkuu no houmonsha Deokishisu;2004;Animation,Adventure,Sci_Fi,Mystery,
677;Gekijô-ban poketto monsutâ: Kesshô-tô no teiô;2000;Animation,Adventure,Sci_Fi,Family,Action,Fantasy,
628;Get Carter;2000;Drama,Action,Thriller,Crime,
2462;Get Hard;2015;Comedy,Crime,
1321;Get Rich or Die Tryin';2005;Drama,Biography,Music,Crime,
1308;Get Smart;2008;Comedy,Adventure,Action,Romance,Thriller,
1301;Ghilli;2004;Comedy,Action,Romance,Sport,
1774;Ghost Rider: Spirit of Vengeance;2011;Action,Fantasy,Thriller,
844;Ghost Ship;2002;Horror,Mystery,
523;Ghost World;2001;Comedy,Drama,
555;Gladiator;2000;Drama,Action,
2297;Glee: The 3D Concert Movie;2011;Documentary,Music,
288;Glitter;2001;Drama,Romance,Music,
1142;Gnomeo & Juliet;2011;Comedy,Animation,Family,Romance,
2458;God's Not Dead;2014;Drama,
2507;God's Pocket;2014;Drama,Crime,
922;Gojira X Mekagojira;2002;Sci_Fi,Action,Thriller,
737;Gojira tai Megagirasu: Jî shômetsu sakusen;2000;Horror,Sci_Fi,Action,
1211;Gojira: Fainaru uôzu;2004;Adventure,Sci_Fi,Action,Fantasy,Thriller,
2400;Gone Girl;2014;Drama,Mystery,Thriller,
587;Gone in Sixty Seconds;2000;Action,Thriller,Crime,
879;Good Bye Lenin!;2003;Comedy,Drama,Romance,
1759;Goosebumps;2015;Comedy,Horror,Adventure,Action,Fantasy,
821;Gosford Park;2001;Drama,Mystery,
1029;Gothika;2003;Horror,Thriller,
1350;Gracie;2007;Drama,Biography,Sport,
1864;Gran Torino;2008;Drama,
2045;Gravity;2013;Sci_Fi,Thriller,
1815;Green Lantern;2011;Adventure,Sci_Fi,Action,Romance,Thriller,
1684;Green Zone;2010;Drama,War,Action,Thriller,
1983;Grown Ups;2010;Comedy,
2376;Grown Ups 2;2013;Comedy,
2189;Grudge Match;2013;Comedy,Sport,
2330;Guardians of the Galaxy;2014;Adventure,Sci_Fi,Action,
1113;Guess Who;2005;Comedy,Romance,
1954;Gulliver's Travels;2010;Comedy,Adventure,Family,Fantasy,
1456;Gwoemul;2006;Drama,Horror,Sci_Fi,Action,
1739;Hachi: A Dog's Tale;2009;Drama,Family,
1313;Hairspray;2007;Comedy,Romance,Musical,
1495;Hall Pass;2011;Comedy,Romance,
1122;Halloween;2007;Horror,
1945;Halloween II;2009;Horror,
660;Halloween: Resurrection;2002;Comedy,Horror,Thriller,
1377;Hancock;2008;Action,Fantasy,
526;Hanging Up;2000;Comedy,Drama,
1717;Hanna;2011;Adventure,Action,Thriller,
1799;Hannah Montana: The Movie;2009;Comedy,Drama,Family,Romance,Music,
642;Hannibal;2001;Drama,Thriller,Crime,
1091;Hannibal Rising;2007;Drama,Thriller,Crime,
2022;Hansel & Gretel: Witch Hunters;2013;Horror,Action,Fantasy,
900;Happily N'Ever After;2006;Comedy,Animation,Adventure,Family,Fantasy,
2002;Happy Feet Two;2011;Comedy,Animation,Family,Musical,
862;Harry Potter and the Chamber of Secrets;2002;Adventure,Family,Fantasy,Mystery,
1673;Harry Potter and the Deathly Hallows: Part 1;2010;Adventure,Family,Fantasy,Mystery,
1861;Harry Potter and the Deathly Hallows: Part 2;2011;Drama,Adventure,Fantasy,Mystery,
1123;Harry Potter and the Order of the Phoenix;2007;Adventure,Family,Fantasy,Mystery,
692;Harry Potter and the Sorcerer's Stone;2001;Adventure,Family,Fantasy,
1336;Harsh Times;2005;Drama,Action,Thriller,Crime,
724;Hart's War;2002;Drama,War,
1027;Hauru no ugoku shiro;2004;Animation,Adventure,Family,Romance,Fantasy,
1721;He's Just Not That Into You;2009;Comedy,Drama,Romance,
2300;Heaven Is for Real;2014;Drama,
542;Hellboy;2004;Sci_Fi,Action,Fantasy,
1257;Hellboy II: The Golden Army;2008;Adventure,Sci_Fi,Action,Fantasy,
2254;Her;2013;Short,Drama,Horror,Sci_Fi,Romance,
1215;Herbie Fully Loaded;2005;Comedy,Adventure,Family,Romance,Sport,Fantasy,
2177;Here Comes the Boom;2012;Comedy,Action,Sport,
1869;Hereafter;2010;Drama,Fantasy,
934;Hidalgo;2004;Adventure,Action,Western,
1152;Hide and Seek;2005;Horror,Mystery,Thriller,
1949;Hierro;2009;Mystery,Thriller,
747;High Crimes;2002;Drama,Mystery,Thriller,Crime,
1695;High School Musical 3: Senior Year;2008;Comedy,Drama,Family,Romance,Musical,
1267;Hirsiz Var!;2005;Comedy,Adventure,Crime,
912;Holes;2003;Comedy,Drama,Adventure,Family,Mystery,
530;Hollow Man;2000;Sci_Fi,Thriller,
871;Home on the Range;2004;Comedy,Animation,Family,Music,Western,
1626;Hoodwinked Too! Hood vs. Evil;2011;Comedy,Animation,Family,
1361;Hoodwinked!;2005;Comedy,Animation,Family,
2011;Hop;2011;Comedy,Animation,Adventure,Family,Fantasy,
2086;Hope Springs;2012;Comedy,Drama,Romance,
2069;Horrible Bosses;2011;Comedy,Crime,
2365;Horrible Bosses 2;2014;Comedy,Crime,
1389;Horton Hears a Who!;2008;Comedy,Animation,Adventure,Family,Fantasy,
1014;Hostage;2005;Short,Drama,Mystery,Thriller,Crime,
1385;Hostel;2005;Horror,
1537;Hostel: Part II;2007;Horror,
1309;Hot Fuzz;2007;Comedy,Action,
1895;Hot Tub Time Machine;2010;Comedy,Sci_Fi,
1194;Hotel Rwanda;2004;Drama,History,War,
2456;Hotel Transylvania 2;2015;Comedy,Animation,Adventure,Family,Fantasy,
1568;Hotel for Dogs;2009;Comedy,Family,
2114;House at the End of the Street;2012;Horror,Mystery,Thriller,
727;House of 1000 Corpses;2003;Horror,
1201;House of Wax;2005;Horror,Thriller,
550;How the Grinch Stole Christmas;2000;Comedy,Family,Fantasy,
1408;How to Lose Friends & Alienate People;2008;Comedy,Drama,Romance,
725;How to Lose a Guy in 10 Days;2003;Comedy,Romance,
2175;How to Train Your Dragon 2;2014;Comedy,Animation,Adventure,Family,Action,Fantasy,
1762;Hua pi;2008;Drama,Action,Thriller,
2430;Hua pi 2;2012;Romance,Fantasy,Mystery,
1700;Hugo;2011;Drama,Adventure,Family,Mystery,
2358;Hundraåringen som klev ut genom fönstret och försvann;2013;Comedy,Adventure,
1494;I Am Legend;2007;Drama,Sci_Fi,Thriller,
2053;I Am Number Four;2011;Adventure,Sci_Fi,Action,Thriller,
807;I Am Sam;2001;Drama,
874;I Capture the Castle;2003;Drama,Romance,
1662;I Know Who Killed Me;2007;Mystery,Thriller,Crime,
1830;I Love You, Man;2009;Comedy,Romance,
1550;I Now Pronounce You Chuck & Larry;2007;Comedy,Romance,
1904;I Spit on Your Grave;2010;Horror,Thriller,Crime,
1097;I'm Not There.;2007;Drama,Biography,Music,
2016;I, Frankenstein;2014;Sci_Fi,Action,Fantasy,Thriller,
1021;I, Robot;2004;Sci_Fi,Action,Mystery,Thriller,
783;Ice Age;2002;Comedy,Animation,Adventure,Family,
2196;Ice Age: Continental Drift;2012;Comedy,Animation,Adventure,Family,
1345;Ice Age: The Meltdown;2006;Comedy,Animation,Adventure,Family,Action,Fantasy,
905;Identity;2003;Mystery,Thriller,
2334;Identity Thief;2013;Comedy,Crime,
1975;If I Stay;2014;Drama,Romance,Fantasy,Music,
823;Igby Goes Down;2002;Comedy,Drama,
1913;Immortals;2011;Drama,Action,Fantasy,
2168;In Time;2011;Sci_Fi,Action,Thriller,
711;In the Bedroom;2001;Drama,Crime,
608;In the Cut;2003;Mystery,Thriller,
1914;Incendies;2010;Drama,War,Mystery,
1982;Inception;2010;Sci_Fi,Action,Mystery,Thriller,
1090;Indiana Jones and the Kingdom of the Crystal Skull;2008;Adventure,Action,
1061;Inglourious Basterds;2009;Drama,War,Adventure,
2250;Inherent Vice;2014;Comedy,Drama,Romance,Mystery,Crime,
1529;Inkheart;2008;Adventure,Family,Fantasy,
2172;Inside Job;2010;Documentary,Crime,
2340;Inside Llewyn Davis;2013;Drama,Music,
1402;Inside Man;2006;Drama,Mystery,Thriller,Crime,
2386;Insidious: Chapter 2;2013;Horror,Thriller,
2541;Insidious: Chapter 3;2015;Drama,Horror,Thriller,
812;Insomnia;2002;Mystery,Thriller,
2504;Insurgent;2015;Adventure,Sci_Fi,Thriller,
987;Intermission;2003;Comedy,Drama,Romance,Thriller,Crime,
1598;Interstellar;2014;Drama,Adventure,Sci_Fi,
2353;Into the Storm;2014;Action,Thriller,
2371;Into the Woods;2014;Adventure,Musical,Fantasy,
466;Intolerable Cruelty;2003;Comedy,Romance,Crime,
2202;Intouchables;2011;Comedy,Drama,Biography,
1764;Invictus;2009;Drama,History,Biography,Sport,
1886;Io sono l'amore;2009;Drama,Romance,
476;Isn't She Great;2000;Comedy,Biography,Romance,
2545;It Follows;2014;Horror,Mystery,Thriller,
798;It's All About Love;2003;Drama,Sci_Fi,Romance,Thriller,
1892;It's Complicated;2009;Comedy,Romance,
2151;J. Edgar;2011;Drama,Biography,Crime,
2368;Jab Tak Hai Jaan;2012;Drama,Romance,
1790;Jab We Met;2007;Comedy,Romance,
1571;Jack Reacher;2012;Action,Mystery,Thriller,Crime,
1865;Jack Ryan: Shadow Recruit;2014;Action,Thriller,
1974;Jack the Giant Slayer;2013;Adventure,Fantasy,
1801;Jackass 3D;2010;Comedy,Documentary,Action,
951;Jackass: The Movie;2002;Comedy,Documentary,
2354;Jagten;2012;Drama,
1851;Jalsa;2008;Comedy,Drama,Action,Romance,Musical,
1283;Jarhead;2005;Drama,War,
636;Jason X;2001;Horror,Sci_Fi,Thriller,
758;Jeepers Creepers;2001;Horror,
881;Jeepers Creepers II;2003;Horror,Thriller,
1647;Ji jie hao;2007;Drama,History,War,Biography,Action,
784;Jimmy Neutron: Boy Genius;2001;Comedy,Animation,Adventure,Sci_Fi,Family,Action,
2008;Jin ling shi san chai;2011;Drama,History,War,
2269;Jodaeiye Nader az Simin;2011;Drama,
1217;John Carter;2012;Adventure,Sci_Fi,Action,Fantasy,
726;John Q;2002;Drama,Thriller,Crime,
1416;John Tucker Must Die;2006;Comedy,Romance,
2506;John Wick;2014;Action,Thriller,
799;Johnny English;2003;Comedy,Adventure,Action,
2166;Johnny English Reborn;2011;Comedy,Drama,Adventure,Action,Crime,
1998;Journey 2: The Mysterious Island;2012;Comedy,Adventure,Sci_Fi,Family,Action,Fantasy,
622;Joy Ride;2001;Mystery,Thriller,
1307;Joyeux Noël;2005;Drama,History,War,Romance,Music,
791;Juana la Loca;2001;Drama,History,Biography,Romance,
1819;Julie & Julia;2009;Drama,Biography,Romance,
1284;Junebug;2005;Comedy,Drama,
1455;Juno;2007;Comedy,Drama,Romance,
2152;Jupiter Ascending;2015;Adventure,Sci_Fi,Action,
527;Jurassic Park III;2001;Adventure,Sci_Fi,Action,Thriller,
1105;Jurassic World;2015;Adventure,Sci_Fi,Action,Thriller,
2102;Just Go with It;2011;Comedy,Romance,
1310;Just Like Heaven;2005;Comedy,Romance,Fantasy,
893;Just Married;2003;Comedy,Romance,
2539;Justin Bieber's Believe;2013;Documentary,Music,
2213;Justin Bieber: Never Say Never;2011;Documentary,Music,
2171;Justin and the Knights of Valour;2013;Animation,Adventure,Family,
780;K-19: The Widowmaker;2002;Drama,History,War,Thriller,
1133;Kaakha..Kaakha: The Police;2003;Drama,Action,Romance,Musical,Thriller,Crime,
2262;Kaavalan;2011;Drama,Action,Romance,
2466;Kaguyahime no monogatari;2013;Drama,Animation,Fantasy,
746;Kangaroo Jack;2003;Comedy,Adventure,Action,Crime,
2109;Kari-gurashi no Arietti;2010;Animation,Adventure,Family,Fantasy,
0;Kate & Leopold;2001;Comedy,Romance,Fantasy,
2383;Katy Perry: Part of Me;2012;Documentary,Music,
1645;Katyn;2007;Drama,History,War,
2329;Kaze tachinu;2013;Drama,Animation,War,Biography,Romance,
2470;Kevin Hart: Let Me Explain;2013;Comedy,Documentary,
2063;Khumba;2013;Animation,Adventure,Family,
1910;Kick-Ass;2010;Comedy,Action,
2182;Kick-Ass 2;2013;Comedy,Action,Crime,
776;Kill Bill: Vol. 1;2003;Action,
1143;Kill Bill: Vol. 2;2004;Action,Thriller,Crime,
2039;Killer Elite;2011;Action,Thriller,Crime,
2224;Killer Joe;2011;Drama,Thriller,Crime,
1795;Killers;2010;Comedy,Action,Romance,Thriller,
2237;Killing Them Softly;2012;Thriller,Crime,
1058;King Kong;2005;Drama,Adventure,Action,Romance,
947;Kingdom of Heaven;2005;Drama,History,War,Adventure,Action,
2489;Kingsman: The Secret Service;2014;Comedy,Adventure,Action,Thriller,Crime,
1121;Kiss Kiss Bang Bang;2005;Comedy,Mystery,Crime,
793;Kiss of the Dragon;2001;Drama,Action,Thriller,Crime,
1726;Knight and Day;2010;Comedy,Action,Romance,
1482;Knocked Up;2007;Comedy,Drama,Romance,
1375;Knowing;2009;Drama,Horror,Sci_Fi,Mystery,Thriller,
2253;Kokuriko-zaka kara;2011;Drama,Animation,Family,Romance,
2147;Kon-Tiki;2012;History,Adventure,
1125;Kontroll;2003;Comedy,Drama,Romance,Thriller,Crime,
1120;Kung fu;2004;Comedy,Action,Fantasy,Crime,
1844;Kurbaan;2009;Drama,Action,Romance,Thriller,Crime,
1889;Kuruvi;2008;Comedy,Drama,Action,
2054;L'arnacoeur;2010;Comedy,Romance,
1561;L'illusionniste;2010;Drama,Animation,
2415;La belle et la bête;2014;Romance,Fantasy,
2569;La famille Bélier;2014;Comedy,Drama,Music,
2425;La grande bellezza;2013;Drama,
803;La mala educación;2004;Drama,Romance,Mystery,Thriller,Crime,
1315;La marche de l'empereur;2005;Documentary,
2298;La migliore offerta;2013;Drama,Romance,Mystery,Crime,
1849;La piel que habito;2011;Thriller,
1957;La posesión de Emma Evans;2010;Horror,
1584;La terza madre;2007;Horror,
1286;La tigre e la neve;2005;Comedy,Drama,War,Romance,
2252;La vérité si je mens! 3;2012;Comedy,
1033;Ladder 49;2004;Drama,Action,Thriller,
1285;Land of the Dead;2005;Horror,
1417;Land of the Lost;2009;Comedy,Adventure,Sci_Fi,
958;Lara Croft Tomb Raider: The Cradle of Life;2003;Adventure,Action,Fantasy,
493;Lara Croft: Tomb Raider;2001;Adventure,Action,Fantasy,Thriller,
1958;Largo Winch II;2011;Adventure,Action,Thriller,
2115;Larry Crowne;2011;Comedy,Drama,Romance,
1585;Lars and the Real Girl;2007;Comedy,Drama,
1863;Last Vegas;2013;Comedy,
1858;Law Abiding Citizen;2009;Drama,Thriller,Crime,
1871;Lawless;2012;Drama,Crime,
952;Laws of Attraction;2004;Comedy,Romance,
637;Le fabuleux destin d'Amélie Poulain;2001;Comedy,Romance,
682;Le pacte des loups;2001;Drama,Horror,Adventure,
882;Le peuple migrateur;2001;Documentary,
720;Legally Blonde;2001;Comedy,Romance,
989;Legally Blonde 2: Red, White & Blonde;2003;Comedy,
2373;Legenda No. 17;2013;Drama,Biography,Sport,
1649;Legends of Oz: Dorothy's Return;2013;Animation,Family,Musical,
1751;Legion;2010;Horror,Action,Fantasy,
2216;Les Misérables;2012;Drama,Romance,Musical,
1838;Les aventures extraordinaires d'Adèle Blanc-Sec;2010;Adventure,Action,Fantasy,Mystery,
1368;Les bronzés 3: amis pour la vie;2006;Comedy,
1117;Les choristes;2004;Drama,Music,
1006;Les invasions barbares;2003;Comedy,Drama,Romance,Mystery,Crime,
2032;Les petits mouchoirs;2010;Comedy,Drama,
2299;Let's Be Cops;2014;Comedy,
1538;Letters from Iwo Jima;2006;Drama,History,War,
1657;Letters to Juliet;2010;Comedy,Drama,Romance,
1551;License to Wed;2007;Comedy,Romance,
1761;Life as We Know It;2010;Comedy,Drama,Romance,
762;Life as a House;2001;Drama,
1403;Life of Pi;2012;Drama,Adventure,Fantasy,
827;Life or Something Like It;2002;Comedy,Romance,
1356;Lincoln;2012;Drama,History,War,Biography,
1227;Little Children;2006;Drama,Romance,
1704;Little Fockers;2010;Comedy,Romance,
1380;Little Miss Sunshine;2006;Comedy,Drama,
1320;Littleman;2006;Comedy,Fantasy,Crime,
1003;Live Free or Die Hard;2007;Adventure,Action,Thriller,
2550;Living Legends;2014;Comedy,Drama,Romance,
2178;Lo imposible;2012;Drama,Thriller,
2123;Lockout;2012;Drama,Sci_Fi,Action,Thriller,
1873;London Boulevard;2010;Drama,Crime,
1787;Lone Survivor;2013;Drama,War,Biography,Action,Thriller,
1354;Lonely Hearts;2006;Drama,Romance,Thriller,Crime,
2204;Long men fei jia;2011;Adventure,Action,
1924;Looper;2012;Sci_Fi,Action,Thriller,Crime,
1213;Lord of War;2005;Drama,Thriller,Crime,
1669;Los abrazos rotos;2009;Drama,Romance,Thriller,
2393;Los amantes pasajeros;2013;Comedy,
649;Loser;2000;Comedy,Romance,
516;Lost Souls;2000;Drama,Horror,Romance,Thriller,
991;Lost in Translation;2003;Drama,
1546;Love & Other Drugs;2010;Comedy,Drama,Romance,
923;Love Actually;2003;Comedy,Drama,Romance,
1502;Love in the Time of Cholera;2007;Drama,Romance,
906;Luther;2003;Drama,History,Biography,
1824;Låt den rätte komma in;2008;Drama,Horror,Romance,
2596;MSG: The Messenger;2015;Comedy,Drama,Action,Fantasy,
1711;Machete;2010;Action,Thriller,Crime,
2328;Machete Kills;2013;Action,Thriller,Crime,
2118;Machine Gun Preacher;2011;Drama,Biography,Action,Crime,
1992;Mad Max: Fury Road;2015;Adventure,Sci_Fi,Action,Thriller,
1925;Madagascar 3: Europe's Most Wanted;2012;Comedy,Animation,Adventure,Family,
2244;Madea's Big Happy Family;2011;Comedy,Drama,
1409;Madea's Family Reunion;2006;Comedy,Drama,Romance,
2382;Madea's Witness Protection;2012;Comedy,Drama,Crime,
2038;Magadheera;2009;Drama,Action,Romance,
2294;Magic Mike;2012;Comedy,Drama,
2401;Magic Mike XXL;2015;Comedy,Drama,Music,
730;Maid in Manhattan;2002;Comedy,Drama,Romance,
765;Main Prem Ki Diwani Hoon;2003;Drama,Romance,Musical,
2119;Maleficent;2014;Adventure,Family,Action,Romance,Fantasy,
1573;Mamma Mia!;2008;Comedy,Romance,Musical,
1469;Man cheng jin dai huang jin jia;2006;Drama,Romance,
1559;Man of Steel;2013;Adventure,Sci_Fi,Action,Fantasy,
972;Man on Fire;2004;Drama,Action,Thriller,Crime,
2106;Man on a Ledge;2012;Action,Thriller,Crime,
2519;Mandariinid;2013;Drama,War,
2411;Mandela: Long Walk to Freedom;2013;Drama,History,Biography,
1017;Manderlay;2005;Drama,
2149;Margin Call;2011;Drama,Thriller,
1601;Marley & Me;2008;Comedy,Drama,Family,Romance,
1993;Marmaduke;2010;Comedy,Family,
1583;Married Life;2007;Drama,Romance,Crime,
2486;Maryan;2013;Drama,Romance,Thriller,
911;Master and Commander: The Far Side of the World;2003;Drama,War,Adventure,Action,
1274;Match Point;2005;Drama,Romance,Thriller,
960;Matchstick Men;2003;Comedy,Drama,Thriller,Crime,
1454;Max Payne;2008;Drama,Action,Mystery,Thriller,Crime,
2592;Maze Runner: The Scorch Trials;2015;Sci_Fi,Action,Thriller,
575;Me, Myself & Irene;2000;Comedy,
1138;Mean Girls;2004;Comedy,
853;Mean Machine;2001;Comedy,Drama,Sport,
1557;Meet Dave;2008;Comedy,Adventure,Sci_Fi,Family,Romance,
850;Meet the Fockers;2004;Comedy,Romance,
639;Meet the Parents;2000;Comedy,
1775;Meet the Spartans;2008;Comedy,
629;Memento;2000;Mystery,Thriller,
1204;Memoirs of a Geisha;2005;Drama,Romance,
2007;Men in Black 3;2012;Comedy,Sci_Fi,Action,
424;Men in Black II;2002;Comedy,Adventure,Sci_Fi,Action,Fantasy,
615;Men of Honor;2000;Drama,Biography,
1322;Miami Vice;2006;Action,Thriller,Crime,
1447;Michael Clayton;2007;Drama,Mystery,Thriller,Crime,
1911;Middle Men;2009;Comedy,Drama,Crime,
2140;Midnight in Paris;2011;Comedy,Romance,Fantasy,
1229;Million Dollar Baby;2004;Drama,Sport,
865;Mindhunters;2004;Mystery,Thriller,Crime,
2406;Minions;2015;Comedy,Animation,Family,
1034;Miracle;2004;Drama,History,Biography,Sport,
640;Miss Congeniality;2000;Comedy,Action,Crime,
1168;Miss Congeniality 2: Armed and Fabulous;2005;Comedy,Action,Crime,
576;Mission to Mars;2000;Drama,Adventure,Sci_Fi,Thriller,
1890;Mission: Impossible - Ghost Protocol;2011;Adventure,Action,Thriller,
2434;Mission: Impossible - Rogue Nation;2015;Adventure,Action,Thriller,
399;Mission: Impossible II;2000;Adventure,Action,Thriller,
937;Mission: Impossible III;2006;Adventure,Action,Thriller,
888;Mona Lisa Smile;2003;Drama,
1866;Moneyball;2011;Drama,Biography,Sport,
1268;Mongol;2007;Drama,History,War,Adventure,Biography,
537;Monkeybone;2001;Comedy,Animation,Fantasy,
1015;Monster;2003;Drama,Biography,Crime,
1106;Monster-in-Law;2005;Comedy,
2043;Monsters University;2013;Comedy,Animation,Adventure,Family,Fantasy,
607;Monsters, Inc.;2001;Comedy,Animation,Adventure,Family,Fantasy,
1770;Monte Carlo;2011;Comedy,Adventure,Romance,
2228;Moonrise Kingdom;2012;Comedy,Drama,Adventure,Romance,
1807;Morning Glory;2010;Comedy,Drama,Romance,
2525;Mortdecai;2015;Comedy,Action,Romance,Mystery,
1011;Mou gaan dou;2002;Mystery,Thriller,Crime,
614;Moulin Rouge!;2001;Drama,Romance,Musical,
1045;Mr. & Mrs. Smith;2005;Comedy,Action,Romance,Thriller,Crime,
1397;Mr. Bean's Holiday;2007;Comedy,Family,
820;Mr. Deeds;2002;Comedy,Romance,
1418;Mr. Magorium's Wonder Emporium;2007;Comedy,Family,Fantasy,
1504;Mr. Nobody;2009;Drama,Sci_Fi,Romance,Fantasy,
1638;Mr. Peabody & Sherman;2014;Comedy,Animation,Adventure,Sci_Fi,Family,
1996;Mr. Popper's Penguins;2011;Comedy,Family,Fantasy,
2454;Mr. Turner;2014;Drama,History,Biography,
541;Mulholland Dr.;2001;Drama,Mystery,Thriller,
1245;Munich;2005;Drama,History,Thriller,
2405;Muppets Most Wanted;2014;Comedy,Adventure,Family,Musical,Crime,
1547;Music and Lyrics;2007;Comedy,Romance,Music,
2589;Mustang;2015;Drama,
1521;Mutant Chronicles;2008;Horror,Adventure,Sci_Fi,Action,
752;My Big Fat Greek Wedding;2002;Comedy,Romance,
1841;My Bloody Valentine;2009;Horror,
792;My Boss's Daughter;2003;Comedy,Romance,
1848;My Name Is Khan;2010;Drama,Romance,Thriller,
1779;My Sister's Keeper;2009;Drama,
1450;My Super Ex-Girlfriend;2006;Comedy,Sci_Fi,Romance,
2185;My Week with Marilyn;2011;Drama,Biography,
2568;Myeong-ryang;2014;War,Adventure,Biography,
963;Mystic River;2003;Drama,Mystery,Thriller,Crime,
1813;Män som hatar kvinnor;2009;Drama,Mystery,Thriller,Crime,
2073;Naan Mahaan Alla;2010;Drama,Romance,Thriller,Crime,
1420;Nacho Libre;2006;Comedy,Family,Sport,
2464;Naduvula Konjam Pakkatha Kaanom;2012;Comedy,
2372;Nanban;2012;Comedy,Drama,Romance,
1486;Nancy Drew;2007;Comedy,Family,Romance,Mystery,Thriller,Crime,
1200;Nanny McPhee;2005;Comedy,Family,Fantasy,
2014;Nanny McPhee and the Big Bang;2010;Comedy,Family,Fantasy,
1129;Napoleon Dynamite;2004;Comedy,
491;Naqoyqatsi;2002;Documentary,Music,
1098;National Treasure;2004;Adventure,Action,Mystery,Thriller,
1445;National Treasure: Book of Secrets;2007;Adventure,Action,Mystery,Thriller,
2263;Nebraska;2013;Comedy,Drama,Adventure,
2429;Need for Speed;2014;Drama,Action,Thriller,Crime,
1964;Never Let Me Go;2010;Drama,Sci_Fi,Romance,
2132;New Year's Eve;2011;Comedy,Romance,
1791;New in Town;2009;Comedy,Romance,
2184;Night Train to Lisbon;2013;Romance,Mystery,Thriller,
1478;Night at the Museum;2006;Comedy,Adventure,Family,Action,Fantasy,
2478;Night at the Museum: Secret of the Tomb;2014;Comedy,Adventure,Family,Fantasy,
1518;Night of the Living Dead 3D;2006;Horror,
2497;Nightcrawler;2014;Thriller,Crime,
1254;Nim's Island;2008;Comedy,Adventure,Family,Fantasy,
521;Nirgendwo in Afrika;2001;Drama,Biography,
2531;Nisshartho Bhalobasha: What is Love!;2013;Comedy,Drama,Action,Romance,
1479;No Country for Old Men;2007;Drama,Thriller,Crime,
1496;No Reservations;2007;Comedy,Drama,Romance,
2433;No se aceptan devoluciones;2013;Comedy,Drama,
1222;Nochnoy dozor;2004;Action,Fantasy,Thriller,
2335;Non-Stop;2014;Action,Mystery,Thriller,
1475;Norbit;2007;Comedy,Drama,Romance,
809;Not Another Teen Movie;2001;Comedy,
1448;Notes on a Scandal;2006;Drama,Thriller,
1444;Nuovomondo;2006;Drama,History,Romance,
552;Nurse Betty;2000;Comedy,Drama,Crime,
485;Nutty Professor II: The Klumps;2000;Comedy,Sci_Fi,Romance,Fantasy,
595;O Brother, Where Art Thou?;2000;Comedy,Music,Crime,
1859;Obsessed;2009;Drama,Thriller,
688;Ocean's Eleven;2001;Thriller,Crime,
1535;Ocean's Thirteen;2007;Thriller,Crime,
1035;Ocean's Twelve;2004;Thriller,Crime,
2511;Ocho apellidos vascos;2014;Comedy,
953;Octane;2003;Horror,Mystery,Thriller,
1554;Océans;2009;Drama,Documentary,
1075;Oldeuboi;2003;Drama,Mystery,Thriller,
1149;Oliver Twist;2005;Drama,Crime,
2409;Olympus Has Fallen;2013;Action,Thriller,
2494;Omar;2013;Drama,Thriller,
1526;On the Doll;2007;Drama,Thriller,Crime,
835;Once Upon a Time in Mexico;2003;Action,Thriller,
2100;One Day;2011;Short,Drama,Documentary,Romance,
2457;One Direction: This Is Us;2013;Documentary,Music,
768;One Hour Photo;2002;Drama,Thriller,
1323;One Night with the King;2006;Drama,History,Biography,
2133;One for the Money;2012;Comedy,Action,Romance,Thriller,Crime,
2137;Only God Forgives;2013;Drama,Crime,
927;Open Range;2003;Action,Romance,Western,
1126;Open Water;2003;Drama,Horror,Biography,Thriller,
653;Original Sin;2001;Drama,Romance,Mystery,Thriller,
2158;Oz the Great and Powerful;2013;Adventure,Family,Fantasy,
1328;P.S. I Love You;2007;Drama,Romance,
1797;Paddington;2014;Comedy,Family,
2320;Pain & Gain;2013;Comedy,Drama,Action,Crime,
2068;Paiyaa;2010;Comedy,Action,Romance,Musical,
2553;Pan;2015;Adventure,Family,Fantasy,
748;Panic Room;2002;Thriller,
2159;ParaNorman;2012;Comedy,Animation,Adventure,Family,Fantasy,
2243;Parada;2011;Comedy,Drama,
1842;Paranormal Activity;2007;Horror,
2088;Paranormal Activity 2;2010;Horror,
2241;Paranormal Activity 3;2011;Horror,
2356;Paranormal Activity 4;2012;Horror,
2452;Paranormal Activity: The Ghost Dimension;2015;Horror,
2453;Paranormal Activity: The Marked Ones;2014;Horror,Thriller,
1757;Parental Guidance;2012;Comedy,Family,
2291;Parker;2013;Action,Thriller,Crime,
1587;Partner;2007;Comedy,Romance,
1383;Passengers;2008;Drama,Romance,Mystery,Thriller,
1788;Paul;2011;Comedy,Adventure,Sci_Fi,
1800;Paul Blart: Mall Cop;2009;Comedy,Action,Crime,
2561;Paul Blart: Mall Cop 2;2015;Comedy,Action,Crime,
1007;Paycheck;2003;Sci_Fi,Action,Mystery,Thriller,
1346;Peaceful Warrior;2006;Drama,Romance,Sport,
643;Pearl Harbor;2001;Drama,War,Action,Romance,
2293;Penguins of Madagascar;2014;Comedy,Animation,Adventure,Family,
1591;Percy Jackson & the Olympians: The Lightning Thief;2010;Adventure,Family,Fantasy,
2279;Percy Jackson: Sea of Monsters;2013;Adventure,Family,Fantasy,
1197;Perfume: The Story of a Murderer;2006;Drama,Fantasy,Crime,
928;Peter Pan;2003;Adventure,Family,Action,Romance,Fantasy,
2444;Philomena;2013;Drama,Biography,
577;Phone Booth;2002;Thriller,
914;Pieces of April;2003;Comedy,Drama,
954;Piglet's Big Movie;2003;Animation,Adventure,Family,Mystery,
2033;Pina;2011;Documentary,
1666;Pineapple Express;2008;Comedy,Action,Crime,
738;Pinocchio;2002;Comedy,Family,Fantasy,
1442;Piranha 3D;2010;Comedy,Horror,
2219;Piranha 3DD;2012;Comedy,Horror,
1937;Pirates of the Caribbean: On Stranger Tides;2011;Adventure,Action,Fantasy,
961;Pirates of the Caribbean: The Curse of the Black Pearl;2003;Adventure,Action,Fantasy,
460;Pitch Black;2000;Horror,Sci_Fi,Action,
2323;Pitch Perfect;2012;Comedy,Romance,Music,
2493;Pitch Perfect 2;2015;Comedy,Music,
1134;Pithamagan;2003;Drama,Action,
2359;Pixels;2015;Comedy,Sci_Fi,Action,
2206;Planes;2013;Comedy,Animation,Adventure,Family,
2517;Planes: Fire & Rescue;2014;Comedy,Animation,Adventure,Family,
1553;Planet 51;2009;Comedy,Animation,Adventure,Sci_Fi,Family,
1277;Pledge This!;2006;Comedy,
1594;Pokiri;2006;Comedy,Action,
2042;Pokkiri;2007;Comedy,Action,Romance,Thriller,Crime,
578;Pollock;2000;Drama,Biography,
1741;Poltergeist;2015;Horror,Thriller,
1250;Poseidon;2006;Drama,Adventure,Action,Thriller,
1880;Pour elle;2008;Drama,Thriller,Crime,
2019;Predators;2010;Adventure,Sci_Fi,Action,Thriller,
1263;Pride & Prejudice;2005;Drama,Romance,
1500;Pride and Glory;2008;Drama,Thriller,Crime,
1602;Priest;2011;Horror,Sci_Fi,Action,Fantasy,Thriller,
1467;Prince of Persia: The Sands of Time;2010;Adventure,Action,Romance,Fantasy,
1994;Prisoners;2013;Drama,Mystery,Thriller,Crime,
2167;Project X;2012;Comedy,Crime,
666;Proof of Life;2000;Drama,Action,Thriller,
1483;Prête-moi ta main;2006;Comedy,Romance,
1829;Public Enemies;2009;Drama,History,Biography,Crime,
2580;Puli;2015;Fantasy,
796;Punch-Drunk Love;2002;Comedy,Drama,Romance,
1386;Punisher: War Zone;2008;Drama,Action,Thriller,Crime,
1378;Puss in Boots;2011;Comedy,Animation,Adventure,Family,Fantasy,
2488;Qu'est-ce qu'on a fait au Bon Dieu?;2014;Comedy,
1610;Quantum of Solace;2008;Adventure,Action,
2036;Quartet;2012;Comedy,Drama,
685;Queen of the Damned;2002;Drama,Horror,Fantasy,
566;Quills;2000;Drama,Biography,
1572;R.I.P.D.;2013;Comedy,Sci_Fi,Action,
1909;RED;2010;Comedy,Action,Thriller,Crime,
2265;RED 2;2013;Comedy,Action,Thriller,Crime,
1382;RV;2006;Comedy,Adventure,Family,
2099;Ra.One;2011;Sci_Fi,Action,
2426;Raanjhanaa;2013;Drama,Romance,
1675;Rabbit Hole;2010;Short,Drama,
1777;Race to Witch Mountain;2009;Adventure,Sci_Fi,Family,Action,Fantasy,Thriller,
1135;Racing Stripes;2005;Comedy,Drama,Adventure,Family,Sport,
2542;Raja Rani;2013;Comedy,Drama,Romance,
2084;Rang zi dan fei;2010;Comedy,Action,Western,
721;Rat Race;2001;Comedy,Adventure,
2261;Rebelle;2012;Drama,War,
1898;Red Dawn;2012;War,Action,Thriller,
1295;Red Eye;2005;Mystery,Thriller,
2229;Red Lights;2012;Drama,Mystery,Thriller,
609;Red Planet;2000;Sci_Fi,Action,Thriller,
2062;Red Riding Hood;2011;Horror,Fantasy,Mystery,Thriller,
1506;Red Tails;2012;Drama,History,War,Adventure,Action,
1522;Reign Over Me;2007;Drama,
2521;Relatos salvajes;2014;Comedy,Drama,Thriller,
2004;Remember Me;2010;Drama,Romance,
634;Remember the Titans;2000;Drama,Biography,Sport,
1543;Reno 911!: Miami;2007;Comedy,Crime,
860;Rent;2005;Drama,Romance,Musical,
1760;Repo Men;2010;Sci_Fi,Action,Thriller,Crime,
567;Requiem for a Dream;2000;Drama,
1432;Rescue Dawn;2006;Drama,War,Adventure,Biography,
1612;Reservation Road;2007;Drama,Thriller,Crime,
407;Resident Evil;2002;Horror,Action,Fantasy,
1882;Resident Evil: Afterlife;2010;Horror,Adventure,Sci_Fi,Action,
940;Resident Evil: Apocalypse;2004;Horror,Sci_Fi,Action,Thriller,
1329;Resident Evil: Extinction;2007;Horror,Sci_Fi,Action,Thriller,
2281;Resident Evil: Retribution;2012;Horror,Sci_Fi,Action,Thriller,
1269;Resurrecting the Champ;2007;Drama,Sport,
816;Return to Never Land;2002;Animation,Adventure,Family,Fantasy,
1690;Revolutionary Road;2008;Drama,Romance,
2009;Riddick;2013;Sci_Fi,Action,Thriller,
2006;Ride Along;2014;Comedy,Action,
610;Riding in Cars with Boys;2001;Comedy,Drama,Biography,
1748;Righteous Kill;2008;Drama,Action,Mystery,Thriller,Crime,
678;Ringu 0: Bâsudei;2000;Horror,Thriller,
2424;Rio 2;2014;Comedy,Animation,Adventure,Family,Musical,
2037;Rise of the Guardians;2012;Animation,Adventure,Family,Fantasy,
1950;Rise of the Planet of the Apes;2011;Drama,Sci_Fi,Action,Thriller,
645;Road Trip;2000;Comedy,
742;Road to Perdition;2002;Drama,Thriller,Crime,
1688;Robin Hood;2010;Drama,History,Adventure,Action,
1899;RoboCop;2014;Sci_Fi,Action,Thriller,
612;Rock Star;2001;Comedy,Drama,Music,
1966;Rock of Ages;2012;Comedy,Drama,Romance,Musical,
1744;RocknRolla;2008;Action,Thriller,Crime,
1485;Rocky Balboa;2006;Drama,Sport,
1326;Role Models;2008;Comedy,
709;Rollerball;2002;Sci_Fi,Action,Sport,
535;Romeo Must Die;2000;Action,Thriller,Crime,
2146;Rubber;2010;Comedy,Horror,
2271;Ruby Sparks;2012;Comedy,Drama,Romance,Fantasy,
998;Rugrats Go Wild;2003;Comedy,Animation,Adventure,Family,
644;Rugrats in Paris: The Movie - Rugrats II;2000;Comedy,Animation,Adventure,Family,Romance,
517;Rules of Engagement;2000;Drama,War,Action,
1209;Rumor Has It...;2005;Comedy,Drama,Romance,
919;Runaway Jury;2003;Drama,Thriller,
2264;Rundskop;2011;Drama,Crime,
2427;Runner Runner;2013;Thriller,Crime,
777;Rush Hour 2;2001;Comedy,Action,Mystery,Thriller,Crime,
857;Rush Hour 3;2007;Comedy,Action,Thriller,Crime,
743;S.W.A.T.;2003;Action,Thriller,Crime,
2227;Sabotage;2014;Drama,Action,Thriller,Crime,
2134;Safe House;2012;Drama,Action,Mystery,Thriller,Crime,
941;Sahara;2005;Comedy,War,Adventure,Action,Thriller,
1681;Salt;2010;Action,Mystery,Thriller,Crime,
605;Samsara;2001;Drama,Adventure,Romance,
2361;San Andreas;2015;Drama,Action,Thriller,
1172;San ging chat goo si;2004;Drama,Action,Thriller,Crime,
1648;Sanctum;2011;Drama,Adventure,Thriller,
2148;Savages;2012;Drama,Thriller,Crime,
621;Save the Last Dance;2001;Drama,Romance,Music,
984;Saved!;2004;Comedy,Drama,
2362;Saving Mr. Banks;2013;Comedy,Drama,History,Biography,Music,
1179;Saw;2004;Horror,Mystery,
2056;Saw 3D;2010;Horror,Mystery,
1331;Saw II;2005;Horror,
1519;Saw III;2006;Horror,Mystery,
1655;Saw IV;2007;Horror,Mystery,
1814;Saw V;2008;Horror,Mystery,
558;Scary Movie;2000;Comedy,
744;Scary Movie 2;2001;Comedy,Horror,
894;Scary Movie 3;2003;Comedy,
1064;Scary Movie 4;2006;Comedy,Horror,
1574;Scary Movie 5;2013;Comedy,
782;Scooby-Doo;2002;Comedy,Adventure,Mystery,
982;Scooby-Doo 2: Monsters Unleashed;2004;Comedy,Horror,Adventure,Family,Fantasy,Mystery,
1421;Scoop;2006;Comedy,Mystery,
457;Scream 3;2000;Horror,Mystery,
1919;Scream 4;2011;Horror,Mystery,
978;Seabiscuit;2003;Drama,History,Sport,
1492;Season of the Witch;2011;Adventure,Action,Fantasy,
1073;Secret Window;2004;Mystery,Thriller,
1878;Secret of the Wings;2012;Animation,Family,Fantasy,
1740;Secretariat;2010;Drama,History,Family,Sport,
802;Secretary;2002;Comedy,Drama,Romance,
1180;Seed of Chucky;2004;Comedy,Horror,Thriller,
1731;Selma;2014;Drama,History,Biography,
1487;Seraphim Falls;2006;Drama,War,Action,Thriller,Western,
689;Serendipity;2001;Comedy,Romance,
1145;Serenity;2005;Adventure,Sci_Fi,Action,Thriller,
756;Serving Sara;2002;Comedy,Romance,
2211;Seven Days in Utopia;2011;Drama,Sport,
1592;Seven Pounds;2008;Drama,
2301;Seven Psychopaths;2012;Comedy,Crime,
1820;Sex Drive;2008;Comedy,Adventure,Romance,
2309;Sex Tape;2014;Comedy,Romance,
1720;Sex and the City;2008;Comedy,Drama,Romance,
1918;Sex and the City 2;2010;Comedy,Drama,Romance,
524;Shaft;2000;Action,Thriller,Crime,
1050;Shall We Dance;2004;Comedy,Drama,Romance,
740;Shallow Hal;2001;Comedy,Drama,Romance,Fantasy,
875;Shanghai Knights;2003;Comedy,Adventure,Action,
580;Shanghai Noon;2000;Comedy,Adventure,Action,Western,
955;Shattered Glass;2003;Drama,History,
1080;Shaun of the Dead;2004;Comedy,Horror,
2498;Shaun the Sheep Movie;2015;Comedy,Animation,Adventure,Family,
1405;She's the Man;2006;Comedy,Romance,
1714;Sherlock Holmes;2009;Adventure,Action,Mystery,Thriller,Crime,
2076;Sherlock Holmes: A Game of Shadows;2011;Adventure,Action,Mystery,Thriller,Crime,
1303;Sherrybaby;2006;Drama,
1167;Shi mian mai fu;2004;Drama,Adventure,Action,Romance,
1449;Shoot 'Em Up;2007;Comedy,Action,Thriller,Crime,
1086;Shortbus;2006;Comedy,Drama,Romance,
832;Showtime;2002;Comedy,Action,Crime,
438;Shrek;2001;Comedy,Animation,Adventure,Family,Fantasy,
1660;Shrek Forever After;2010;Comedy,Animation,Adventure,Family,Fantasy,
1812;Shutter Island;2010;Mystery,Thriller,
2556;Sicario;2015;Drama,Action,Mystery,Thriller,Crime,
1173;Sicko;2007;Drama,Documentary,
1130;Sideways;2004;Comedy,Drama,Romance,
836;Signs;2002;Drama,Sci_Fi,Thriller,
1163;Silent Hill;2006;Horror,Mystery,
1677;Silent Hill: Revelation 3D;2012;Horror,Mystery,Thriller,
1533;Silk;2007;Drama,Romance,
1754;Silver Linings Playbook;2012;Comedy,Drama,Romance,
1218;Sin City;2005;Thriller,Crime,
1426;Sin City: A Dame to Kill For;2014;Thriller,Crime,
2186;Singam;2010;Drama,Action,Thriller,Crime,
2413;Singam 2;2013;Action,Thriller,
2446;Singh Saab the Great;2013;Drama,Action,
1490;Sivaji;2007;Drama,Adventure,Action,Romance,Thriller,
1231;Sky High;2005;Comedy,Adventure,Sci_Fi,Family,
1776;Skyfall;2012;Adventure,Action,Thriller,
2103;Skyline;2010;Sci_Fi,Action,Thriller,
2121;Sleeping Beauty;2011;Drama,Romance,
1101;Sleepover;2004;Comedy,
1473;Sluga Gosudarev;2007;History,War,Adventure,Action,
1725;Slumdog Millionaire;2008;Drama,Romance,
1471;Smokin' Aces;2006;Drama,Action,Thriller,Crime,
1278;Snakes on a Plane;2006;Action,Thriller,
824;Snow Dogs;2002;Comedy,Adventure,Family,Sport,
2091;Snow Flower and the Secret Fan;2011;Drama,History,
2226;Snow White and the Huntsman;2012;Drama,Adventure,Action,Fantasy,
2215;Snowpiercer;2013;Drama,Sci_Fi,Action,Thriller,
2528;Sole a catinelle;2013;Comedy,
1703;Solomon Kane;2009;Adventure,Action,Fantasy,
1523;Something Borrowed;2011;Comedy,Drama,Romance,
999;Something's Gotta Give;2003;Comedy,Drama,Romance,
2018;Somewhere;2010;Comedy,Drama,
2543;Son of God;2014;Drama,Sci_Fi,Fantasy,
1065;Son of the Mask;2005;Comedy,Adventure,Family,Fantasy,
2285;Song of the Sea;2014;Animation,Family,Fantasy,
1822;Sonny Boy;2011;Drama,War,Romance,
2500;Soodhu Kavvum;2013;Comedy,Thriller,Crime,
2126;Soul Surfer;2011;Drama,Biography,Sport,
1682;Source Code;2011;Sci_Fi,Mystery,Thriller,
1232;Southland Tales;2006;Comedy,Drama,Sci_Fi,Thriller,
586;Space Cowboys;2000;Adventure,Action,Thriller,
813;Spider;2002;Drama,Mystery,Thriller,
929;Spider-Man 2;2004;Animation,Adventure,Sci_Fi,Action,Fantasy,Crime,
1262;Spider-Man 3;2007;Adventure,Sci_Fi,Action,Fantasy,Thriller,
2451;Spijt!;2013;Drama,Family,Music,
540;Spirit: Stallion of the Cimarron;2002;Comedy,Animation,Adventure,Family,Romance,Western,
2533;Spy;2015;Comedy,Action,Crime,
778;Spy Game;2001;Action,Thriller,Crime,
665;Spy Kids;2001;Comedy,Adventure,Sci_Fi,Family,Action,
841;Spy Kids 2: Island of Lost Dreams;2002;Comedy,Adventure,Sci_Fi,Family,Action,
1009;Spy Kids 3-D: Game Over;2003;Comedy,Adventure,Sci_Fi,Family,Action,
2078;Spy Kids: All the Time in the World in 4D;2011;Comedy,Adventure,Sci_Fi,Family,Action,
2366;St. Vincent;2014;Comedy,Drama,
2314;Stalingrad;2013;Drama,War,Action,
2552;Stand by Me Doraemon;2014;Comedy,Drama,Animation,Sci_Fi,Family,
1575;Star Trek;2009;Adventure,Sci_Fi,Action,
2005;Star Trek Into Darkness;2013;Adventure,Sci_Fi,Action,
734;Star Trek: Nemesis;2002;Adventure,Sci_Fi,Action,Thriller,
429;Star Wars: Episode II - Attack of the Clones;2002;Adventure,Sci_Fi,Action,Fantasy,
1511;Stardust;2007;Adventure,Family,Romance,Fantasy,
993;Starsky & Hutch;2004;Comedy,Crime,
1157;Stealth;2005;Adventure,Sci_Fi,Action,Thriller,
1620;Step Brothers;2008;Comedy,
1434;Step Up;2006;Drama,Romance,Music,Crime,
1734;Step Up 2: The Streets;2008;Drama,Romance,Musical,Music,
1854;Step Up 3D;2010;Drama,Romance,Music,
2472;Step Up All In;2014;Drama,Romance,Music,
2256;Step Up Revolution;2012;Drama,Romance,Music,
2551;Still Alice;2014;Drama,
2203;Stoker;2013;Drama,Thriller,
1999;Straight Outta Compton;2015;Drama,Biography,Music,
1656;Street Fighter: The Legend of Chun-Li;2009;Action,Fantasy,Thriller,Crime,
2020;Su Qi-er;2010;Drama,History,Action,
1708;Sucker Punch;2011;Adventure,Action,Fantasy,
1376;Sunshine;2007;Adventure,Sci_Fi,Thriller,
1636;Sunshine Cleaning;2008;Comedy,Drama,
2181;Super 8;2011;Sci_Fi,Mystery,Thriller,
1609;Superbad;2007;Comedy,
1713;Surrogates;2009;Sci_Fi,Action,Thriller,
1816;Survival of the Dead;2009;Horror,
728;Surviving Christmas;2004;Comedy,Romance,
956;Suspect Zero;2004;Thriller,Crime,
1244;Sweeney Todd: The Demon Barber of Fleet Street;2007;Drama,Horror,Musical,Thriller,
741;Sweet Home Alabama;2002;Comedy,Romance,
701;Swordfish;2001;Action,Thriller,Crime,
1593;Sydney White;2007;Comedy,Romance,
1079;Syriana;2005;Drama,Thriller,
1399;TMNT;2007;Comedy,Animation,Adventure,Sci_Fi,Family,Action,Fantasy,
1174;Taegukgi hwinalrimyeo;2004;Drama,War,Action,
2201;Take Shelter;2011;Drama,Thriller,
1372;Take the Lead;2006;Drama,Music,
1997;Taken 2;2012;Action,Thriller,
2447;Taken 3;2014;Action,Thriller,
1817;Takers;2010;Action,Thriller,Crime,
1074;Taking Lives;2004;Mystery,Thriller,Crime,
2245;Talaash;2012;Drama,Mystery,Thriller,Crime,
1266;Talladega Nights: The Ballad of Ricky Bobby;2006;Comedy,Action,Sport,
2351;Tammy;2014;Comedy,
1995;Tang shan da di zhen;2010;Drama,
1348;Tau man ji D;2005;Comedy,Drama,Action,Romance,
1115;Team America: World Police;2004;Comedy,Animation,Action,
924;Tears of the Sun;2003;Drama,War,Action,Thriller,
2169;Ted;2012;Comedy,Fantasy,
2475;Ted 2;2015;Comedy,
571;Terminator 3: Rise of the Machines;2003;Sci_Fi,Action,Thriller,Crime,
1967;Terminator Genisys;2015;Adventure,Sci_Fi,Action,Thriller,
1699;Tetro;2009;Drama,
2112;Texas Chainsaw 3D;2013;Horror,Thriller,
2471;Thalaivaa;2013;Drama,Action,Thriller,
1896;That's My Boy;2012;Comedy,
1233;The 40 Year Old Virgin;2005;Comedy,Romance,
647;The 6th Day;2000;Sci_Fi,Action,Mystery,Thriller,
1316;The A-Team;2010;Comedy,Adventure,Action,Thriller,Crime,
2431;The Act of Killing;2012;History,Documentary,
1984;The Adjustment Bureau;2011;Sci_Fi,Romance,Thriller,
565;The Adventures of Pluto Nash;2002;Comedy,Sci_Fi,Action,
1710;The Adventures of Tintin;2011;Animation,Adventure,Family,Action,Mystery,
1503;The Air I Breathe;2007;Drama,Thriller,Crime,
942;The Alamo;2004;Drama,History,War,Western,
1600;The Alphabet Killer;2008;Mystery,Thriller,Crime,
2035;The American;2010;Drama,Thriller,Crime,
1166;The Amityville Horror;2005;Drama,Horror,Mystery,Thriller,
739;The Animal;2001;Comedy,
1318;The Ant Bully;2006;Comedy,Animation,Adventure,Family,Fantasy,
1627;The Avengers;2012;Adventure,Sci_Fi,Action,Thriller,
1012;The Aviator;2004;Drama,Biography,
1870;The Back-up Plan;2010;Comedy,Romance,
817;The Banger Sisters;2002;Comedy,Drama,
1531;The Belly of the Beast;2007;Horror,Mystery,Thriller,
2012;The Best Exotic Marigold Hotel;2011;Comedy,Drama,
2345;The Best Man Holiday;2013;Comedy,Drama,
1639;The Black Balloon;2008;Drama,Romance,
1644;The Blind Side;2009;Drama,Biography,Sport,
1595;The Book Thief;2013;Drama,War,
1750;The Book of Eli;2010;Drama,Adventure,Action,Thriller,
2397;The Book of Life;2014;Comedy,Animation,Adventure,Family,Romance,Fantasy,
749;The Bourne Identity;2002;Action,Mystery,Thriller,
1855;The Bourne Legacy;2012;Adventure,Action,Mystery,Thriller,
1112;The Bourne Supremacy;2004;Action,Thriller,
1349;The Bourne Ultimatum;2007;Action,Thriller,
1569;The Boxtrolls;2014;Comedy,Animation,Adventure,Family,Fantasy,
1474;The Brave One;2007;Drama,Thriller,Crime,
1390;The Break-Up;2006;Comedy,Drama,Romance,
1040;The Brothers Grimm;2005;Comedy,Adventure,Action,Fantasy,Thriller,
1605;The Bucket List;2007;Comedy,Drama,Adventure,
848;The Butterfly Effect;2004;Sci_Fi,Thriller,
1916;The Cabin in the Woods;2012;Horror,Mystery,Thriller,
2249;The Campaign;2012;Comedy,
772;The Cat's Meow;2001;Drama,
1221;The Cave;2005;Horror,Adventure,Thriller,
632;The Cell;2000;Horror,Sci_Fi,Thriller,
2064;The Change-Up;2011;Comedy,
1709;The Chronicles of Narnia: The Voyage of the Dawn Treader;2010;Adventure,Family,Fantasy,
864;The Chronicles of Riddick;2004;Adventure,Sci_Fi,Action,Thriller,
710;The Code Conspiracy;2002;Action,Mystery,Thriller,
1979;The Cold Light of Day;2012;Action,Thriller,
2047;The Conjuring;2013;Horror,
1178;The Constant Gardener;2005;Drama,Romance,Mystery,Thriller,
627;The Contender;2000;Drama,Thriller,
870;The Core;2003;Adventure,Sci_Fi,Action,Thriller,
2377;The Counselor;2013;Drama,Thriller,Crime,
707;The Count of Monte Cristo;2002;Drama,Adventure,Action,Romance,Thriller,
1472;The Covenant;2006;Horror,Action,Fantasy,Thriller,
1406;The Crazies;2010;Horror,Mystery,Thriller,
1498;The Croods;2013;Comedy,Animation,Adventure,Family,Fantasy,
1296;The Curious Case of Benjamin Button;2008;Drama,Romance,Fantasy,
915;The Curse of the Were-Rabbit;2005;Comedy,Animation,Family,Mystery,
1616;The Darjeeling Limited;2007;Comedy,Drama,Adventure,
1789;The Darkest Hour;2011;Drama,Horror,Sci_Fi,Action,Thriller,
944;The Day After Tomorrow;2004;Adventure,Sci_Fi,Action,Thriller,
1702;The Day the Earth Stood Still;2008;Drama,Sci_Fi,Thriller,
1242;The Departed;2006;Drama,Thriller,Crime,
1745;The Descendants;2011;Comedy,Drama,
1340;The Descent;2005;Horror,Adventure,
2098;The Devil Inside;2012;Horror,
1424;The Devil Wears Prada;2006;Comedy,Drama,Romance,
1195;The Devil's Rejects;2005;Drama,Horror,Crime,
2173;The Dictator;2012;Comedy,
2113;The Dilemma;2011;Comedy,Drama,
1637;The Duchess;2008;Drama,History,Biography,Romance,
1141;The Dukes of Hazzard;2005;Comedy,Adventure,Action,
1749;The Eagle;2011;Drama,Adventure,Action,
427;The Emperor's New Groove;2000;Comedy,Animation,Adventure,Family,Fantasy,
1414;The Equalizer;2014;Action,Thriller,Crime,
1226;The Exorcism of Emily Rose;2005;Drama,Horror,Thriller,
1953;The Expendables;2010;Adventure,Action,Thriller,
2238;The Expendables 2;2012;Adventure,Action,Thriller,
2419;The Expendables 3;2014;Adventure,Action,Thriller,
1237;The Eye;2008;Drama,Horror,Thriller,
654;The Family Man;2000;Comedy,Drama,Romance,Fantasy,
1044;The Family Stone;2005;Comedy,Drama,Romance,
673;The Fast and the Furious;2001;Action,Thriller,Crime,
1438;The Fast and the Furious: Tokyo Drift;2006;Drama,Action,Thriller,Crime,
2468;The Fault in Our Stars;2014;Drama,Romance,
1827;The Final Destination;2009;Horror,Thriller,
1856;The Five-Year Engagement;2012;Comedy,Romance,
508;The Flintstones in Viva Rock Vegas;2000;Comedy,Sci_Fi,Family,Romance,
1640;The Forbidden Kingdom;2008;Adventure,Action,Romance,Fantasy,
1042;The Forgotten;2004;Drama,Horror,Sci_Fi,Mystery,Thriller,
702;The Forsaken;2001;Horror,Thriller,
1525;The Game Plan;2007;Comedy,Family,Sport,
1823;The Ghost Writer;2010;Drama,Mystery,Thriller,Crime,
656;The Gift;2000;Drama,Horror,Mystery,Thriller,
2107;The Girl with the Dragon Tattoo;2011;Drama,Mystery,Thriller,Crime,
1393;The Good German;2006;Drama,Mystery,Thriller,
1020;The Good Shepherd;2006;Drama,History,Thriller,
2403;The Grand Budapest Hotel;2014;Comedy,Drama,Adventure,
1970;The Great Gatsby;2013;Drama,Romance,
962;The Great Raid;2005;Drama,War,Action,
1716;The Green Hornet;2011;Comedy,Sci_Fi,Action,Thriller,Crime,
2135;The Grey;2011;Drama,Adventure,Action,Thriller,
1189;The Grudge;2004;Horror,Mystery,Thriller,
1335;The Grudge 2;2006;Horror,Thriller,
2208;The Guilt Trip;2012;Comedy,Drama,
822;The Guru;2002;Comedy,Romance,Fantasy,Music,
1802;The Hangover;2009;Comedy,
2010;The Hangover Part II;2011;Comedy,
2305;The Hangover Part III;2013;Comedy,
1686;The Happening;2008;Drama,Sci_Fi,Thriller,
1249;The Heartbreak Kid;2007;Comedy,Romance,
2044;The Help;2011;Drama,
1401;The Hills Have Eyes;2006;Horror,Thriller,
1415;The Hitcher;2007;Action,Thriller,Crime,
1110;The Hitchhiker's Guide to the Galaxy;2005;Comedy,Adventure,Sci_Fi,
1664;The Hobbit: An Unexpected Journey;2012;Adventure,Fantasy,
2414;The Hobbit: The Battle of the Five Armies;2014;Adventure,Fantasy,
1835;The Hobbit: The Desolation of Smaug;2013;Adventure,Fantasy,
1422;The Holiday;2006;Comedy,Romance,
2077;The Host;2013;Adventure,Sci_Fi,Romance,Thriller,
1582;The Hottie & the Nottie;2008;Comedy,Romance,
801;The Hours;2002;Drama,
1630;The House Bunny;2008;Comedy,Romance,
2055;The Human Centipede (First Sequence);2009;Horror,
901;The Human Stain;2003;Drama,Romance,Thriller,
2516;The Hundred-Foot Journey;2014;Comedy,Drama,
1991;The Hunger Games;2012;Drama,Adventure,Sci_Fi,Thriller,
2306;The Hunger Games: Catching Fire;2013;Adventure,Sci_Fi,Thriller,
2307;The Hunger Games: Mockingjay - Part 1;2014;Adventure,Sci_Fi,Thriller,
789;The Hunted;2003;Drama,Action,Thriller,Crime,
1653;The Hurt Locker;2008;Drama,History,War,Thriller,
1806;The Ides of March;2011;Drama,
1362;The Illusionist;2006;Drama,Romance,Mystery,Thriller,
2347;The Imitation Game;2014;Drama,War,Biography,Thriller,
2304;The Immigrant;2013;Drama,Romance,
2220;The Inbetweeners Movie;2011;Comedy,
1606;The Indian;2007;Drama,Family,Romance,
1811;The Informant!;2009;Comedy,Drama,Thriller,Crime,
2389;The Internship;2013;Comedy,
1124;The Interpreter;2005;Mystery,Thriller,
1724;The Iron Lady;2011;Drama,History,Biography,
1212;The Island;2005;Adventure,Sci_Fi,Action,Thriller,
1085;The Jacket;2005;Drama,Horror,Sci_Fi,Mystery,Thriller,
2289;The Judge;2014;Drama,Crime,
829;The Jungle Book 2;2003;Animation,Adventure,Family,Musical,
1831;The Karate Kid;2010;Drama,Family,Action,Sport,
657;The Kid;2000;Comedy,Family,Fantasy,
1622;The Kids Are All Right;2010;Comedy,Drama,
2071;The King's Speech;2010;Drama,Biography,
1327;The Kingdom;2007;Drama,Action,Thriller,
990;The Ladykillers;2004;Comedy,Thriller,Crime,
1253;The Lake House;2006;Drama,Romance,Fantasy,
1952;The Last Exorcism;2010;Drama,Horror,Thriller,
2339;The Last Exorcism Part II;2013;Drama,Horror,Thriller,
1625;The Last House on the Left;2009;Horror,Thriller,
1430;The Last Legion;2007;War,Adventure,Action,Fantasy,
959;The Last Samurai;2003;Drama,History,War,Action,
1936;The Last Song;2010;Drama,Romance,
2093;The Last Stand;2013;Action,Thriller,Crime,
1460;The Last Time;2006;Comedy,Drama,Thriller,
2153;The Last Witch Hunter;2015;Adventure,Action,Fantasy,
913;The League of Extraordinary Gentlemen;2003;Adventure,Sci_Fi,Action,Fantasy,
1176;The Legend of Zorro;2005;Adventure,Action,Western,
2066;The Lego Movie;2014;Comedy,Animation,Adventure,Family,Action,Fantasy,
1067;The Life Aquatic with Steve Zissou;2004;Comedy,Drama,Adventure,
849;The Life of David Gale;2003;Drama,Thriller,Crime,
1850;The Lincoln Lawyer;2011;Drama,Thriller,Crime,
896;The Lizzie McGuire Movie;2003;Comedy,Adventure,Family,Romance,Music,
2564;The Lobster;2015;Comedy,Sci_Fi,Romance,Thriller,
1867;The Lone Ranger;2013;Adventure,Action,Western,
1207;The Longest Yard;2005;Comedy,Sport,Crime,
1314;The Lookout;2007;Drama,Thriller,Crime,
2060;The Lorax;2012;Comedy,Animation,Family,Fantasy,
394;The Lord of the Rings: The Fellowship of the Ring;2001;Adventure,Fantasy,
543;The Lord of the Rings: The Return of the King;2003;Adventure,Action,Fantasy,
544;The Lord of the Rings: The Two Towers;2002;Adventure,Action,Fantasy,
1590;The Love Guru;2008;Comedy,Romance,Sport,
1148;The Lovely Bones;2009;Drama,Fantasy,
1963;The Lucky One;2012;Drama,Romance,
1063;The Machinist;2004;Drama,Thriller,
788;The Majestic;2001;Drama,Romance,
766;The Man from Elysian Fields;2001;Drama,Romance,
2170;The Man from U.N.C.L.E.;2015;Comedy,Adventure,Action,
1915;The Man with the Iron Fists;2012;Action,
1092;The Manchurian Candidate;2004;Drama,Sci_Fi,Mystery,Thriller,
2571;The Martian;2015;Drama,Adventure,Sci_Fi,
2097;The Master;2012;Drama,
1078;The Matador;2005;Comedy,Drama,Thriller,Crime,
675;The Matrix Reloaded;2003;Sci_Fi,Action,
695;The Matrix Revolutions;2003;Sci_Fi,Action,
2247;The Maze Runner;2014;Sci_Fi,Action,Mystery,Thriller,
1466;The Mechanic;2011;Action,Thriller,Crime,
843;The Medallion;2003;Comedy,Action,Fantasy,Thriller,
1146;The Merchant of Venice;2004;Drama,Romance,
680;The Mexican;2001;Comedy,Adventure,Romance,Crime,
1586;The Midnight Meat Train;2008;Horror,Thriller,
2369;The Monuments Men;2014;Drama,War,
2090;The Mortal Instruments: City of Bones;2013;Adventure,Action,Romance,Fantasy,Mystery,
767;The Mothman Prophecies;2002;Drama,Horror,Mystery,Thriller,
1862;The Muppets;2011;Comedy,Family,Musical,
1552;The Nativity Story;2006;Drama,Family,
1220;The New World;2005;Drama,History,Biography,Romance,
506;The Next Best Thing;2000;Comedy,Drama,Romance,
2048;The Next Three Days;2010;Drama,Romance,Thriller,Crime,
983;The Notebook;2004;Drama,Romance,
1497;The Number 23;2007;Drama,Mystery,Thriller,
1753;The Nutcracker in 3D;2010;Family,Action,Musical,Fantasy,
1694;The Objective;2008;Horror,Sci_Fi,Thriller,
2050;The Odd Life of Timothy Green;2012;Comedy,Drama,Family,Fantasy,
1453;The Omen;2006;Horror,Mystery,Thriller,
781;The One;2001;Sci_Fi,Action,Thriller,
679;The Original Kings of Comedy;2000;Comedy,Documentary,
1986;The Other Guys;2010;Comedy,Action,Crime,
719;The Other Side of Heaven;2001;Drama,Adventure,Biography,
2379;The Other Woman;2014;Comedy,Romance,
670;The Others;2001;Horror,Thriller,
1196;The Pacifier;2005;Comedy,Drama,Family,Action,Thriller,
1373;The Painted Veil;2006;Drama,Romance,
992;The Passion of the Christ;2004;Drama,
588;The Patriot;2000;Drama,History,War,Action,
1468;The Perfect Game;2009;Comedy,Drama,Family,Sport,
562;The Perfect Storm;2000;Drama,Adventure,Action,Thriller,
856;The Phantom of the Opera;2004;Drama,Romance,Musical,Thriller,
732;The Pianist;2002;Drama,War,Biography,
1158;The Pink Panther;2006;Comedy,Adventure,Mystery,Crime,
1617;The Pink Panther 2;2009;Comedy,Adventure,Mystery,Crime,
2025;The Pirates! In an Adventure with Scientists!;2012;Comedy,Animation,Adventure,Family,
1499;The Prestige;2006;Drama,Mystery,Thriller,
712;The Princess Diaries;2001;Comedy,Family,Romance,
1100;The Princess Diaries 2: Royal Engagement;2004;Comedy,Family,Romance,
1564;The Princess and the Frog;2009;Animation,Family,Romance,Musical,Fantasy,
2513;The Purge: Anarchy;2014;Horror,Sci_Fi,Action,Thriller,
1404;The Pursuit of Happyness;2006;Drama,Biography,
2487;The Pyramid;2014;Horror,Adventure,Action,Thriller,
1344;The Queen;2006;Drama,Biography,
2390;The Quiet Ones;2014;Horror,
1706;The Reader;2008;Drama,Romance,
1366;The Reaping;2007;Horror,Thriller,
598;The Replacements;2000;Comedy,Sport,
1184;The Right Way;2004;Comedy,Drama,
866;The Ring;2002;Horror,Mystery,
1139;The Ring Two;2005;Horror,Mystery,Thriller,
1833;The Rite;2011;Drama,Horror,Mystery,Thriller,
467;The Road to El Dorado;2000;Comedy,Animation,Adventure,Family,Romance,
1742;The Rocker;2008;Comedy,Music,
770;The Rookie;2002;Drama,Family,Sport,
1093;The Room;2003;Drama,
771;The Royal Tenenbaums;2001;Comedy,Drama,
1697;The Ruins;2008;Horror,Thriller,
855;The Rules of Attraction;2002;Comedy,Drama,Romance,
970;The Rundown;2003;Comedy,Adventure,Action,Thriller,
889;The Santa Clause 2;2002;Comedy,Family,Fantasy,
1394;The Santa Clause 3: The Escape Clause;2006;Comedy,Adventure,Family,Fantasy,
985;The School of Rock;2003;Comedy,Music,
664;The Score;2001;Action,Romance,Thriller,Crime,
808;The Scorpion King;2002;Adventure,Action,Fantasy,Thriller,
1270;The Secret Life of Bees;2008;Drama,
1055;The Secret Life of Walter Mitty;2013;Comedy,Drama,Adventure,Fantasy,
1324;The Secret Life of Words;2005;Drama,Romance,
2286;The Sessions;2012;Comedy,Drama,Biography,Romance,
1191;The Shaggy Dog;2006;Comedy,Family,Fantasy,
410;The Shipping News;2001;Drama,
1433;The Simpsons Movie;2007;Comedy,Animation,Adventure,
1223;The Sisterhood of the Traveling Pants;2005;Comedy,Drama,Romance,
1202;The Skeleton Key;2005;Horror,Mystery,Thriller,
1465;The Smurfs;2011;Comedy,Animation,Adventure,Family,Fantasy,
1930;The Social Network;2010;Drama,Biography,
2087;The Son of No One;2011;Drama,Thriller,Crime,
2404;The SpongeBob Movie: Sponge Out of Water;2015;Comedy,Animation,Adventure,Family,
1025;The SpongeBob SquarePants Movie;2004;Comedy,Animation,Adventure,Family,
735;The Sweetest Thing;2002;Comedy,Romance,
681;The Tailor of Panama;2001;Drama,Thriller,
1798;The Taking of Pelham 1 2 3;2009;Action,Thriller,Crime,
1689;The Ten Commandments;2007;Animation,Family,
1066;The Terminal;2004;Comedy,Drama,
957;The Texas Chainsaw Massacre;2003;Horror,
1290;The Texas Chainsaw Massacre: The Beginning;2006;Horror,
2515;The Theory of Everything;2014;Drama,Biography,Romance,
2074;The Three Musketeers;2011;Adventure,Action,Romance,
659;The Tigger Movie;2000;Comedy,Drama,Animation,Family,
786;The Time Machine;2002;Adventure,Sci_Fi,Action,
1395;The Time Traveler's Wife;2009;Drama,Sci_Fi,Romance,Fantasy,
1905;The Tourist;2010;Action,Romance,Thriller,
1621;The Town;2010;Drama,Thriller,Crime,
859;The Transporter;2002;Action,Thriller,Crime,
1481;The Tree of Life;2011;Drama,Fantasy,
851;The Tuxedo;2002;Comedy,Sci_Fi,Action,Thriller,
1960;The Twilight Saga: Breaking Dawn - Part 1;2011;Drama,Adventure,Romance,Fantasy,
2198;The Twilight Saga: Breaking Dawn - Part 2;2012;Drama,Adventure,Romance,Fantasy,
1961;The Twilight Saga: Eclipse;2010;Drama,Adventure,Romance,Fantasy,
1917;The Twilight Saga: New Moon;2009;Drama,Adventure,Romance,Fantasy,
1826;The Ugly Truth;2009;Comedy,Romance,
1094;The Village;2004;Drama,Romance,Mystery,Thriller,
2142;The Vow;2012;Drama,Romance,
1783;The Wackness;2008;Comedy,Drama,Romance,
1743;The Warrior's Way;2010;Action,Fantasy,Western,
2520;The Water Diviner;2014;Drama,War,
1549;The Water Horse;2007;Adventure,Family,Fantasy,
613;The Way of the Gun;2000;Drama,Action,Thriller,Crime,
1164;The Weather Man;2005;Comedy,Drama,
1114;The Wedding Date;2005;Comedy,Romance,
631;The Wedding Planner;2001;Comedy,Romance,
592;The Whole Nine Yards;2000;Comedy,Crime,
1234;The Wild;2006;Comedy,Animation,Adventure,Family,
825;The Wild Thornberrys Movie;2002;Comedy,Animation,Adventure,Family,Fantasy,
1718;The Wolf of Wall Street;2013;Comedy,Drama,Biography,Crime,
1565;The Wolfman;2010;Drama,Horror,Thriller,
2023;The Wolverine;2013;Adventure,Sci_Fi,Action,Thriller,
2129;The Woman in Black;2012;Drama,Horror,Thriller,
2274;The Words;2012;Drama,Romance,Mystery,
1874;The World's End;2013;Comedy,Sci_Fi,Action,
1259;The World's Fastest Indian;2005;Drama,Biography,Sport,
1364;The X Files: I Want to Believe;2008;Drama,Sci_Fi,Mystery,Thriller,
1696;The Young Victoria;2009;Drama,History,Biography,Romance,
1458;There Will Be Blood;2007;Drama,
830;They;2002;Horror,Mystery,Thriller,
2156;Think Like a Man;2012;Comedy,Romance,
2391;Think Like a Man Too;2014;Comedy,Romance,
705;Thir13en Ghosts;2001;Horror,Mystery,Thriller,
785;Thirteen Conversations About One Thing;2001;Drama,
492;Thirteen Days;2000;Drama,History,Thriller,
2235;This Is 40;2012;Comedy,
2057;This Is It;2009;Documentary,Music,
1908;This Is the End;2013;Comedy,Fantasy,
2127;This Means War;2012;Comedy,Action,Romance,
2034;This Must Be the Place;2011;Comedy,Drama,
1852;Thoda Pyaar Thoda Magic;2008;Comedy,Drama,Family,Romance,Fantasy,
1580;Thor;2011;Adventure,Action,Fantasy,
2322;Thor: The Dark World;2013;Adventure,Action,Fantasy,
2374;Thuppakki;2012;Action,Thriller,Crime,
1127;Tian di ying xiong;2003;Drama,Adventure,Action,
2572;Tian jiang xiong shi;2015;Drama,Adventure,Action,
858;Tian mai zhuan qi;2002;Adventure,Action,Romance,
1256;Tideland;2005;Drama,Horror,Fantasy,
1632;Timber Falls;2007;Horror,Thriller,
877;Timeline;2003;Adventure,Sci_Fi,Action,
1969;Tinker Tailor Soldier Spy;2011;Drama,Mystery,Thriller,
425;Titan A.E.;2000;Animation,Adventure,Sci_Fi,Family,Action,
2282;To Rome with Love;2012;Comedy,Romance,
2046;Tomorrow, When the War Began;2010;Drama,War,Adventure,Action,
2312;Tomorrowland;2015;Adventure,Sci_Fi,Family,Action,Mystery,
979;Torque;2004;Comedy,Action,Thriller,Crime,
1462;Tower Heist;2011;Comedy,Action,Crime,
477;Town & Country;2001;Comedy,Romance,
1342;Toy Story 3;2010;Comedy,Animation,Adventure,Family,Fantasy,
572;Traffic;2000;Drama,Thriller,Crime,
471;Training Day;2001;Drama,Thriller,Crime,
2538;Trainwreck;2015;Comedy,Romance,
1239;Transamerica;2005;Comedy,Drama,Adventure,
1281;Transformers;2007;Adventure,Sci_Fi,Action,
2357;Transformers: Age of Extinction;2014;Adventure,Sci_Fi,Action,
1182;Transporter 2;2005;Action,Thriller,Crime,
1810;Transporter 3;2008;Adventure,Action,Mystery,Thriller,Crime,
453;Treasure Planet;2002;Animation,Adventure,Sci_Fi,Family,Romance,
1635;Tropa de Elite;2007;Drama,Action,Thriller,Crime,
1680;Tropic Thunder;2008;Comedy,Action,
2346;Trouble with the Curve;2012;Drama,Sport,
986;Troy;2004;Adventure,
2003;True Grit;2010;Drama,Adventure,Western,
2284;Turbo;2013;Comedy,Animation,Adventure,Family,Action,Sport,
2437;Twenty Feet from Stardom;2013;History,Documentary,Music,
920;Two Weeks Notice;2002;Comedy,Romance,
478;U-571;2000;War,Action,
1107;Ultraviolet;2006;Sci_Fi,Action,
1022;Un long dimanche de fiançailles;2004;Drama,War,Romance,Mystery,
650;Unbreakable;2000;Drama,Sci_Fi,Mystery,Thriller,
973;Under the Tuscan Sun;2003;Comedy,Drama,Romance,
948;Underworld;2003;Action,Fantasy,
2067;Underworld: Awakening;2012;Horror,Action,Fantasy,
1219;Underworld: Evolution;2006;Sci_Fi,Action,Fantasy,Thriller,
1613;Underworld: Rise of the Lycans;2009;Adventure,Sci_Fi,Action,Fantasy,Thriller,
722;Unfaithful;2002;Drama,Romance,Thriller,
2188;Universal Soldier: Day of Reckoning;2012;Horror,Sci_Fi,Action,Mystery,Thriller,
1016;Unleashed;2005;Drama,Action,Adult,Thriller,Crime,
1476;Unstoppable;2010;Drama,Action,Thriller,
1567;Until Death;2007;Drama,Action,Thriller,
600;Urban Legends: Final Cut;2000;Horror,Mystery,Thriller,
1337;V for Vendetta;2005;Drama,Action,Thriller,
1843;Vaaranam Aayiram;2008;Drama,Romance,
1396;Vacancy;2007;Horror,Thriller,
696;Valentine;2001;Horror,Thriller,
1712;Valkyrie;2008;Drama,War,Thriller,
2194;Vampires Suck;2010;Comedy,
753;Vanilla Sky;2001;Sci_Fi,Romance,Fantasy,Mystery,Thriller,
690;Vanity Fair;2004;Drama,
1357;Vantage Point;2008;Drama,Action,Thriller,Crime,
2313;Velayudham;2011;Comedy,Drama,Action,Fantasy,Thriller,
918;Veronica Guerin;2003;Drama,Biography,Thriller,Crime,
597;Vertical Limit;2000;Drama,Adventure,Action,Thriller,
2111;Vettaikaran;2009;Comedy,Drama,Action,
1412;Vettaiyaadu Vilaiyaadu;2006;Action,Romance,Thriller,Crime,
1536;Vicky Cristina Barcelona;2008;Drama,Romance,
2378;Vishwaroopam;2013;Adventure,Action,Mystery,Thriller,Crime,
1885;Viy;2014;Adventure,Fantasy,Mystery,Thriller,
1273;Volkodav iz roda Serykh Psov;2006;Adventure,Action,Fantasy,
2089;W.E.;2011;Drama,History,Romance,
1087;Wake of Death;2004;Drama,Action,
1051;Walk the Line;2005;Drama,Biography,Romance,Music,
2236;Walking with Dinosaurs 3D;2013;Animation,Adventure,Family,
1738;Wall Street: Money Never Sleeps;2010;Drama,
1527;Wanted;2008;Documentary,Family,Action,Fantasy,Thriller,Crime,
2108;War Horse;2011;Drama,War,
1240;War of the Worlds;2005;Adventure,Sci_Fi,Thriller,
2120;Warm Bodies;2013;Comedy,Horror,Romance,
1935;Warrior;2011;Drama,Sport,
1921;Waste Land;2010;Documentary,
1251;Watchmen;2009;Sci_Fi,Action,Mystery,
1769;Water for Elephants;2011;Drama,Romance,
1988;We Bought a Zoo;2011;Comedy,Drama,Family,
1539;We Own the Night;2007;Drama,Thriller,Crime,
810;We Were Soldiers;2002;Drama,History,War,Action,
2222;We're the Millers;2013;Comedy,Adventure,Action,Crime,
1198;Wedding Crashers;2005;Comedy,Romance,
1532;Welcome Home, Roscoe Jenkins;2008;Comedy,Romance,
869;Whale Rider;2002;Drama,Family,
1746;What Happens in Vegas;2008;Comedy,Romance,
1512;What Just Happened;2008;Comedy,Drama,
520;What Lies Beneath;2000;Drama,Horror,Mystery,Thriller,
624;What Women Want;2000;Comedy,Romance,Fantasy,
840;What a Girl Wants;2003;Comedy,Drama,Romance,
2117;What to Expect When You're Expecting;2012;Comedy,Drama,Romance,
1837;Whatever Works;2009;Comedy,Romance,
1413;When a Stranger Calls;2006;Horror,Thriller,
1836;Whip It;2009;Drama,Sport,
2467;Whiplash;2014;Drama,Music,
1151;White Chicks;2004;Comedy,Crime,
2422;White House Down;2013;Drama,Action,Thriller,
1132;White Noise;2005;Drama,Horror,Mystery,Thriller,
1534;White Noise 2: The Light;2007;Drama,Horror,Thriller,
828;White Oleander;2002;Drama,
1082;Whiteout;2009;Action,Mystery,Thriller,Crime,
1515;Who Killed the Electric Car?;2006;Documentary,
1990;Why Did I Get Married Too?;2010;Comedy,Drama,Romance,
1900;Wild Target;2010;Comedy,Action,Crime,
907;Willard;2003;Drama,Horror,Sci_Fi,Thriller,
1056;Wimbledon;2004;Comedy,Romance,Sport,
994;Win a Date with Tad Hamilton!;2004;Comedy,Romance,
704;Windtalkers;2002;Drama,War,Action,
2040;Winnie the Pooh;2011;Comedy,Animation,Adventure,Family,Musical,
2001;Winter's Bone;2010;Drama,
2270;Winter's Tale;2014;Drama,Romance,Fantasy,Mystery,
2496;Wish I Was Here;2014;Comedy,Drama,
593;Wo hu cang long;2000;Drama,Action,Romance,
1272;Wolf Creek;2005;Horror,Thriller,
2442;Woman in Gold;2015;Drama,
581;Wonder Boys;2000;Comedy,Drama,
995;Wonderland;2003;Drama,Mystery,Thriller,Crime,
1459;World Trade Center;2006;Drama,History,Thriller,
1599;World War Z;2013;Horror,Adventure,Sci_Fi,Action,Thriller,
2176;Wrath of the Titans;2012;Adventure,Action,Fantasy,
2240;Wreck-It Ralph;2012;Comedy,Animation,Adventure,Family,
422;X-Men;2000;Adventure,Sci_Fi,Action,
1427;X-Men Origins: Wolverine;2009;Adventure,Sci_Fi,Action,Fantasy,Thriller,
2290;X-Men: Days of Future Past;2014;Adventure,Sci_Fi,Action,Thriller,
1136;X-Men: The Last Stand;2006;Adventure,Sci_Fi,Action,Thriller,
852;X2;2003;Adventure,Sci_Fi,Action,Thriller,
2221;Xi you ji: Da nao tian gong;2014;Adventure,Family,Action,
2524;Xiao shi dai;2013;Drama,Romance,
2239;Xin hai ge ming;2011;Drama,History,War,Adventure,Action,
2105;Yahsi Bati;2009;Comedy,Western,
1451;Ye yan;2006;Drama,History,War,Action,Fantasy,
2600;Yennai Arindhaal;2015;Drama,Action,Romance,Mystery,Thriller,
1772;Yes Man;2008;Comedy,Romance,
2051;Yi dai zong shi;2013;Drama,Biography,Action,
873;Ying xiong;2002;History,Adventure,Action,
1883;Yip Man;2008;Drama,Biography,Action,Sport,
2013;You Again;2010;Comedy,Romance,
1691;You Don't Mess with the Zohan;2008;Comedy,Action,
1435;You, Me and Dupree;2006;Comedy,Romance,
2160;Young Adult;2011;Comedy,Drama,
1902;Your Highness;2011;Comedy,Adventure,Fantasy,
1358;Yours, Mine & Ours;2005;Comedy,Family,Romance,Fantasy,
1723;Zack and Miri Make a Porno;2008;Comedy,Romance,
1235;Zathura: A Space Adventure;2005;Comedy,Adventure,Sci_Fi,Family,Action,Fantasy,
2248;Zero Dark Thirty;2012;Drama,History,Thriller,
2484;Zhi wo men zhong jiang shi qu de qing chun;2013;Drama,
1365;Zodiac;2007;Drama,Mystery,Thriller,Crime,
1832;Zombieland;2009;Comedy,Horror,Adventure,
1884;Zookeeper;2011;Comedy,Family,Romance,
606;Zoolander;2001;Comedy,
1752;[Rec];2007;Horror,Mystery,Thriller,
1907;[Rec]²;2009;Horror,
2179;[Rec]³: Génesis;2012;Horror,Romance,
863;xXx;2002;Adventure,Action,Thriller,
980;xXx: State of the Union;2005;Adventure,Action,Thriller,Crime,
